area_id,state,district,population,households,male_population,female_population,urban_population,rural_population,children_population_0_6,elderly_population_60_plus,area_sq_km,population_density,hospital_count,ambulance_count,shelter_capacity,rescue_team_count,data_status
A0001,Andhra Pradesh,Alluri Sitharama Raju,727023,201047,373650,353373,481576,245447,67236,46558,13032,55.79,12,17,23606,2,synthetic_prototype
A0002,Andhra Pradesh,Anakapalli,385283,93777,192061,193222,282300,102983,36426,25623,8013,48.08,7,13,39846,3,synthetic_prototype
A0003,Andhra Pradesh,Anantapur,178434,38087,93036,85398,83729,94705,17125,17179,982,181.7,3,7,6745,1,synthetic_prototype
A0004,Andhra Pradesh,Annamayya,107763,22134,56288,51475,89006,18757,11247,6335,6770,15.92,2,3,3677,1,synthetic_prototype
A0005,Andhra Pradesh,Bapatla,1007059,185149,514408,492651,370796,636263,124610,67107,11694,86.12,14,21,102466,4,synthetic_prototype
A0006,Andhra Pradesh,Chittoor,130503,30510,64969,65534,27659,102844,10912,10346,4288,30.43,2,4,8314,1,synthetic_prototype
A0007,Andhra Pradesh,Dr. B.R. Ambedkar Konaseema,611753,174236,323908,287845,123687,488066,86734,41528,12287,49.79,9,14,74971,5,synthetic_prototype
A0008,Andhra Pradesh,East Godavari,301015,72328,148892,152123,120684,180331,44865,31936,1234,243.93,6,10,35385,1,synthetic_prototype
A0009,Andhra Pradesh,Eluru,411675,81650,213465,198210,96215,315460,57989,41379,7558,54.47,7,12,13605,3,synthetic_prototype
A0010,Andhra Pradesh,Guntur,1206860,227061,622083,584777,207580,999280,126899,115582,3964,304.46,23,28,69341,10,synthetic_prototype
A0011,Andhra Pradesh,Kakinada,197107,38592,102953,94154,157840,39267,25756,25314,3042,64.8,2,5,25011,1,synthetic_prototype
A0012,Andhra Pradesh,Krishna,267866,52154,132433,135433,99807,168059,26313,23689,12952,20.68,6,7,21453,2,synthetic_prototype
A0013,Andhra Pradesh,Kurnool,314043,74289,157941,156102,254386,59657,38157,35572,14585,21.53,4,11,28160,2,synthetic_prototype
A0014,Andhra Pradesh,Nandyal,198336,55048,97477,100859,69296,129040,25538,18889,4396,45.12,2,7,9398,1,synthetic_prototype
A0015,Andhra Pradesh,NTR,1387234,291004,720152,667082,438846,948388,151794,148305,8175,169.69,32,30,95016,10,synthetic_prototype
A0016,Andhra Pradesh,Palnadu,938401,207418,481996,456405,167544,770857,125938,48320,3629,258.58,15,37,105957,5,synthetic_prototype
A0017,Andhra Pradesh,Parvathipuram Manyam,202146,39370,106145,96001,161168,40978,20343,22114,8461,23.89,3,7,8322,1,synthetic_prototype
A0018,Andhra Pradesh,Prakasam,320596,64741,165210,155386,250158,70438,34343,26105,13487,23.77,4,7,34317,2,synthetic_prototype
A0019,Andhra Pradesh,Srikakulam,593072,123455,294420,298652,91062,502010,73480,66584,3596,164.93,9,21,40950,2,synthetic_prototype
A0020,Andhra Pradesh,Sri Sathya Sai,216565,58731,113473,103092,130966,85599,28718,21905,5705,37.96,4,7,31783,1,synthetic_prototype
A0021,Andhra Pradesh,Tirupati,583436,149964,297613,285823,412120,171316,73601,55033,10920,53.43,12,28,62694,4,synthetic_prototype
A0022,Andhra Pradesh,Visakhapatnam,1011741,286538,534358,477383,817811,193930,154987,84292,13946,72.55,19,20,147344,4,synthetic_prototype
A0023,Andhra Pradesh,Vizianagaram,189701,35310,95358,94343,141478,48223,17748,18991,10531,18.01,3,8,19691,1,synthetic_prototype
A0024,Andhra Pradesh,West Godavari,97260,19873,49673,47587,24126,73134,14607,11347,10626,9.15,1,3,12364,1,synthetic_prototype
A0025,Andhra Pradesh,YSR Kadapa,740475,140241,382084,358391,524853,215622,100821,90057,5268,140.56,14,32,73598,7,synthetic_prototype
A0026,Arunachal Pradesh,Anjaw,8000000,2246559,4093646,3906354,3807348,4192652,823386,825399,849,9422.85,123,259,361978,44,synthetic_prototype
A0027,Arunachal Pradesh,Bichom,216359,47226,106754,109605,126791,89568,18203,21164,9670,22.37,3,4,19895,1,synthetic_prototype
A0028,Arunachal Pradesh,Changlang,872918,245843,437186,435732,616830,256088,100488,49809,14450,60.41,13,21,69025,6,synthetic_prototype
A0029,Arunachal Pradesh,Dibang Valley,275145,50861,142685,132460,147053,128092,36543,20689,11147,24.68,4,7,22108,2,synthetic_prototype
A0030,Arunachal Pradesh,East Kameng,230192,64084,119772,110420,91888,138304,18680,13914,898,256.34,3,5,20003,2,synthetic_prototype
A0031,Arunachal Pradesh,East Siang,50000,10481,25367,24633,13562,36438,5594,5271,965,51.81,1,1,4518,1,synthetic_prototype
A0032,Arunachal Pradesh,Itanagar Capital Complex,158833,44703,78863,79970,97060,61773,13603,17125,8910,17.83,2,4,12163,1,synthetic_prototype
A0033,Arunachal Pradesh,Kamle,3734159,959547,1887408,1846751,3021029,713130,585871,490973,1319,2831.05,86,181,154344,18,synthetic_prototype
A0034,Arunachal Pradesh,Keyi Panyor,62812,12246,31579,31233,12551,50261,9270,3272,4443,14.14,1,1,6624,1,synthetic_prototype
A0035,Arunachal Pradesh,Kra Daadi,997355,181965,495782,501573,346505,650850,139678,122290,6365,156.69,19,23,70708,4,synthetic_prototype
A0036,Arunachal Pradesh,Kurung Kumey,830371,224046,421130,409241,623516,206855,116309,97908,13567,61.21,15,18,56802,3,synthetic_prototype
A0037,Arunachal Pradesh,Lepa Rada,611803,149716,313816,297987,498879,112924,79869,55282,5131,119.24,10,14,76468,2,synthetic_prototype
A0038,Arunachal Pradesh,Lohit,388425,88619,198010,190415,83062,305363,32862,38631,13349,29.1,7,16,18317,1,synthetic_prototype
A0039,Arunachal Pradesh,Longding,194420,39576,100717,93703,40609,153811,16685,24101,1495,130.05,4,3,14564,1,synthetic_prototype
A0040,Arunachal Pradesh,Lower Dibang Valley,564495,132743,297991,266504,405849,158646,89687,66499,1527,369.68,8,15,45671,2,synthetic_prototype
A0041,Arunachal Pradesh,Lower Siang,434079,116217,220836,213243,68561,365518,36681,26345,9843,44.1,6,11,63141,2,synthetic_prototype
A0042,Arunachal Pradesh,Lower Subansiri,162343,46063,85188,77155,56819,105524,15891,22190,14557,11.15,3,3,15150,1,synthetic_prototype
A0043,Arunachal Pradesh,Namsai,487807,110636,249232,238575,404153,83654,63586,54935,9525,51.21,8,10,17294,3,synthetic_prototype
A0044,Arunachal Pradesh,Pakke Kessang,204227,50367,107343,96884,166503,37724,23782,21609,3065,66.63,3,6,20430,1,synthetic_prototype
A0045,Arunachal Pradesh,Papum Pare,622660,117000,325372,297288,228310,394350,83921,40245,12391,50.25,9,14,64513,3,synthetic_prototype
A0046,Arunachal Pradesh,Shi Yomi,2888277,679126,1515313,1372964,2319026,569251,241510,151267,12215,236.45,41,117,292569,18,synthetic_prototype
A0047,Arunachal Pradesh,Siang,394533,76970,197635,196898,173741,220792,33341,50431,14995,26.31,5,10,48242,1,synthetic_prototype
A0048,Arunachal Pradesh,Tawang,1525474,282071,762575,762899,1136101,389373,177021,94006,9210,165.63,32,37,158916,9,synthetic_prototype
A0049,Arunachal Pradesh,Tirap,616808,133977,321290,295518,317172,299636,75011,78147,8545,72.18,9,19,28423,5,synthetic_prototype
A0050,Arunachal Pradesh,Upper Siang,209297,55476,107748,101549,142028,67269,28532,14476,513,407.99,4,5,16130,1,synthetic_prototype
A0051,Arunachal Pradesh,Upper Subansiri,337929,64678,176177,161752,172273,165656,37754,35816,14257,23.7,7,7,30093,2,synthetic_prototype
A0052,Arunachal Pradesh,West Kameng,906677,190206,479814,426863,427403,479274,108265,72160,3830,236.73,21,37,41131,7,synthetic_prototype
A0053,Arunachal Pradesh,West Siang,638322,132017,321603,316719,177016,461306,96860,59144,2833,225.32,13,30,32089,4,synthetic_prototype
A0054,Assam,Baksa,172839,44174,85304,87535,47341,125498,15495,15809,5654,30.57,3,4,6000,1,synthetic_prototype
A0055,Assam,Bajali,219756,42984,115775,103981,167345,52411,18654,16463,11299,19.45,4,8,16362,1,synthetic_prototype
A0056,Assam,Barpeta,547972,153348,276592,271380,319346,228626,64114,64261,4010,136.65,8,11,50085,3,synthetic_prototype
A0057,Assam,Biswanath,389290,109964,194527,194763,203533,185757,39528,32683,5034,77.33,8,13,17273,1,synthetic_prototype
A0058,Assam,Bongaigaon,170154,46315,87997,82157,96224,73930,24354,16140,8195,20.76,2,4,13918,1,synthetic_prototype
A0059,Assam,Cachar,184311,39118,94520,89791,110981,73330,19995,25579,3787,48.67,4,7,10969,1,synthetic_prototype
A0060,Assam,Charaideo,110990,30321,55650,55340,31143,79847,10418,14507,8010,13.86,2,2,4821,1,synthetic_prototype
A0061,Assam,Chirang,248507,53520,128414,120093,67002,181505,38357,24877,4415,56.29,3,9,17107,1,synthetic_prototype
A0062,Assam,Darrang,941652,230952,470540,471112,475842,465810,83983,98831,8844,106.47,21,27,88431,8,synthetic_prototype
A0063,Assam,Dhemaji,187135,46675,99106,88029,36372,150763,19796,22996,10318,18.14,2,4,16203,1,synthetic_prototype
A0064,Assam,Dhubri,301174,80343,158773,142401,118725,182449,44106,41216,11043,27.27,4,11,11438,1,synthetic_prototype
A0065,Assam,Dibrugarh,1422294,371498,742168,680126,352502,1069792,136725,92063,12274,115.88,23,39,103912,6,synthetic_prototype
A0066,Assam,Dima Hasao,570586,128935,298224,272362,242334,328252,65692,47886,4730,120.63,9,16,33017,2,synthetic_prototype
A0067,Assam,Goalpara,1013992,213228,522174,491818,795507,218485,90602,136468,5223,194.14,22,23,105869,5,synthetic_prototype
A0068,Assam,Golaghat,50000,12509,26077,23923,38786,11214,4606,3902,11236,4.45,1,1,6074,1,synthetic_prototype
A0069,Assam,Hailakandi,1248608,245085,654093,594515,283986,964622,112623,107075,2503,498.84,26,29,145343,6,synthetic_prototype
A0070,Assam,Hojai,265662,68767,135941,129721,168898,96764,26604,21548,13654,19.46,4,8,22698,1,synthetic_prototype
A0071,Assam,Jorhat,585351,109121,301138,284213,295088,290263,47676,75212,8607,68.01,9,12,67238,4,synthetic_prototype
A0072,Assam,Kamrup,143560,26740,73828,69732,79446,64114,16355,16693,13905,10.32,2,6,21272,1,synthetic_prototype
A0073,Assam,Kamrup Metropolitan,467766,91616,236670,231096,263769,203997,39470,37499,368,1271.1,9,14,44198,1,synthetic_prototype
A0074,Assam,Karbi Anglong,1321385,334594,665817,655568,518567,802818,183672,119849,6950,190.13,29,52,118665,8,synthetic_prototype
A0075,Assam,Karimganj,351183,91072,180961,170222,195402,155781,28462,38531,14427,24.34,7,10,14132,1,synthetic_prototype
A0076,Assam,Kokrajhar,887537,226423,456030,431507,445132,442405,75765,104282,13501,65.74,19,34,30518,5,synthetic_prototype
A0077,Assam,Lakhimpur,216891,50421,110209,106682,150277,66614,26450,19448,8526,25.44,4,8,28936,1,synthetic_prototype
A0078,Assam,Majuli,492096,138588,246456,245640,202407,289689,64720,42707,2595,189.63,8,12,16362,3,synthetic_prototype
A0079,Assam,Morigaon,910429,189455,449901,460528,149125,761304,131095,60151,3801,239.52,21,33,106221,3,synthetic_prototype
A0080,Assam,Nagaon,143049,35007,72366,70683,104590,38459,19089,9791,13476,10.62,3,6,7860,1,synthetic_prototype
A0081,Assam,Nalbari,613007,152533,322261,290746,272786,340221,89128,49508,5881,104.24,10,21,64303,3,synthetic_prototype
A0082,Assam,Sivasagar,126612,25185,64248,62364,67918,58694,13111,17138,2359,53.67,1,3,17389,1,synthetic_prototype
A0083,Assam,Sonitpur,307548,81389,157361,150187,103974,203574,40189,22515,12573,24.46,4,8,15562,2,synthetic_prototype
A0084,Assam,South Salmara-Mankachar,417923,103239,220066,197857,68068,349855,37370,42580,8446,49.48,7,9,22889,4,synthetic_prototype
A0085,Assam,Tamulpur,571505,131757,295240,276265,325964,245541,53738,75608,5932,96.34,10,26,28548,2,synthetic_prototype
A0086,Assam,Tinsukia,1181967,289883,607680,574287,245800,936167,117756,100510,5528,213.81,19,40,115795,6,synthetic_prototype
A0087,Assam,Udalguri,724558,154484,361262,363296,480237,244321,59772,53330,1055,686.78,13,19,50798,3,synthetic_prototype
A0088,Assam,West Karbi Anglong,532232,109135,262393,269839,119549,412683,73583,50346,6691,79.54,11,11,67023,2,synthetic_prototype
A0089,Bihar,Araria,823904,152561,406731,417173,331771,492133,126374,51340,6856,120.17,18,22,111023,3,synthetic_prototype
A0090,Bihar,Arwal,92021,23009,47515,44506,65757,26264,12457,11633,7494,12.28,1,1,13185,1,synthetic_prototype
A0091,Bihar,Aurangabad,679843,138889,348567,331276,187910,491933,104178,36069,4671,145.55,10,13,97429,3,synthetic_prototype
A0092,Bihar,Banka,544535,152359,285217,259318,410268,134267,57463,67850,9065,60.07,11,23,21364,2,synthetic_prototype
A0093,Bihar,Begusarai,1553088,375368,780600,772488,304016,1249072,191277,188180,9500,163.48,23,40,90009,14,synthetic_prototype
A0094,Bihar,Bhagalpur,180844,33625,88767,92077,137273,43571,27122,17651,12042,15.02,2,5,22074,1,synthetic_prototype
A0095,Bihar,Bhojpur,4407852,1014999,2333355,2074497,3356905,1050947,623543,386123,11142,395.61,93,189,319810,30,synthetic_prototype
A0096,Bihar,Buxar,307786,56212,153691,154095,110007,197779,25659,15884,6588,46.72,5,7,17294,1,synthetic_prototype
A0097,Bihar,Darbhanga,1183897,215947,602243,581654,960510,223387,152809,76992,3705,319.54,17,29,121856,6,synthetic_prototype
A0098,Bihar,East Champaran,357185,70601,177542,179643,111252,245933,34875,23852,5446,65.59,8,7,48596,1,synthetic_prototype
A0099,Bihar,Gaya,1831240,463882,908580,922660,1166892,664348,266018,128552,8193,223.51,31,48,75041,7,synthetic_prototype
A0100,Bihar,Gopalganj,250009,47855,123799,126210,83983,166026,37776,34003,12199,20.49,4,6,10109,1,synthetic_prototype
A0101,Bihar,Jamui,111377,22886,56783,54594,73107,38270,9632,7775,1419,78.49,1,3,9764,1,synthetic_prototype
A0102,Bihar,Jehanabad,213004,52801,107335,105669,154912,58092,28593,21495,13215,16.12,3,5,28131,1,synthetic_prototype
A0103,Bihar,Kaimur,1004984,263277,519783,485201,641410,363574,130134,118331,13248,75.86,15,48,129741,8,synthetic_prototype
A0104,Bihar,Katihar,734741,142273,381874,352867,282569,452172,68228,90826,7759,94.7,18,25,76436,2,synthetic_prototype
A0105,Bihar,Khagaria,113566,22613,58100,55466,67435,46131,16170,6771,8256,13.76,1,3,12028,1,synthetic_prototype
A0106,Bihar,Kishanganj,933086,227475,492192,440894,206918,726168,125995,52351,10710,87.12,22,24,66721,4,synthetic_prototype
A0107,Bihar,Lakhisarai,252983,56503,124210,128773,172226,80757,20686,20017,11624,21.76,4,7,15896,1,synthetic_prototype
A0108,Bihar,Madhepura,645133,132000,327763,317370,289230,355903,60055,78404,3545,181.98,15,15,70023,4,synthetic_prototype
A0109,Bihar,Madhubani,847631,155017,436988,410643,376186,471445,94771,63300,6317,134.18,12,31,47105,8,synthetic_prototype
A0110,Bihar,Munger,400642,73696,202220,198422,242855,157787,59755,37094,3027,132.36,6,9,49082,1,synthetic_prototype
A0111,Bihar,Muzaffarpur,841316,165188,413339,427977,203490,637826,129283,88757,7378,114.03,19,35,94452,5,synthetic_prototype
A0112,Bihar,Nalanda,1671367,413910,851835,819532,485310,1186057,142294,171110,12024,139.0,33,49,52471,15,synthetic_prototype
A0113,Bihar,Nawada,281445,55624,141191,140254,160427,121018,38163,35859,882,319.1,5,12,16618,1,synthetic_prototype
A0114,Bihar,Patna,50000,10824,25497,24503,12487,37513,6472,5661,443,112.87,1,1,2027,1,synthetic_prototype
A0115,Bihar,Purnia,162491,42370,84101,78390,88927,73564,23406,11051,1837,88.45,2,3,5490,1,synthetic_prototype
A0116,Bihar,Rohtas,334001,67773,170892,163109,62251,271750,45666,42881,12085,27.64,6,7,13231,1,synthetic_prototype
A0117,Bihar,Saharsa,1651829,450917,851919,799910,770781,881048,201708,191352,1187,1391.6,34,66,222359,12,synthetic_prototype
A0118,Bihar,Samastipur,539069,111900,271408,267661,449101,89968,50979,65266,7623,70.72,9,12,30950,2,synthetic_prototype
A0119,Bihar,Saran,459550,114447,237683,221867,133122,326428,39418,24245,7100,64.73,6,10,54743,2,synthetic_prototype
A0120,Bihar,Sheikhpura,498835,95305,251832,247003,195620,303215,79320,26742,8806,56.65,9,11,44097,2,synthetic_prototype
A0121,Bihar,Sheohar,372269,78439,191232,181037,127978,244291,56953,25671,9583,38.85,6,15,43145,1,synthetic_prototype
A0122,Bihar,Sitamarhi,1070525,205523,534729,535796,295227,775298,168834,70962,7536,142.05,22,23,89320,6,synthetic_prototype
A0123,Bihar,Siwan,1395503,289916,705626,689877,369064,1026439,219865,102195,5080,274.71,22,58,204271,8,synthetic_prototype
A0124,Bihar,Supaul,77674,18608,38288,39386,24485,53189,7268,7517,12484,6.22,1,2,8082,1,synthetic_prototype
A0125,Bihar,Vaishali,312183,60170,162165,150018,54841,257342,41552,28944,12143,25.71,5,6,17076,2,synthetic_prototype
A0126,Bihar,West Champaran,311994,87181,153589,158405,105711,206283,38217,41899,2095,148.92,5,6,21196,1,synthetic_prototype
A0127,Chhattisgarh,Balod,1106074,292666,564787,541287,517994,588080,131741,121687,740,1494.69,22,26,59974,5,synthetic_prototype
A0128,Chhattisgarh,Baloda Bazar,625613,119476,308900,316713,518594,107019,83712,56266,2904,215.43,10,13,89683,3,synthetic_prototype
A0129,Chhattisgarh,Balrampur-Ramanujganj,4893486,1002958,2509498,2383988,3710404,1183082,403374,654676,10244,477.69,105,123,378088,24,synthetic_prototype
A0130,Chhattisgarh,Bastar,417642,76570,215634,202008,93808,323834,66803,22694,6281,66.49,6,9,40946,1,synthetic_prototype
A0131,Chhattisgarh,Bemetara,346571,68013,179074,167497,131323,215248,50123,41105,6703,51.7,5,14,33041,3,synthetic_prototype
A0132,Chhattisgarh,Bijapur,1160181,271253,585495,574686,437631,722550,129585,130627,6895,168.26,24,37,66446,10,synthetic_prototype
A0133,Chhattisgarh,Bilaspur,2285316,503577,1162174,1123142,1333809,951507,252259,291834,7343,311.22,56,75,172823,14,synthetic_prototype
A0134,Chhattisgarh,Dantewada,1214468,236924,621011,593457,675390,539078,156219,144326,10856,111.87,17,59,64965,12,synthetic_prototype
A0135,Chhattisgarh,Dhamtari,944989,224823,498086,446903,302810,642179,80155,126722,1790,527.93,17,34,60653,6,synthetic_prototype
A0136,Chhattisgarh,Durg,586068,118822,299812,286256,417349,168719,61481,61496,4307,136.07,11,24,30321,2,synthetic_prototype
A0137,Chhattisgarh,Gariaband,491577,90599,242974,248603,317722,173855,61636,35929,7408,66.36,7,13,17308,2,synthetic_prototype
A0138,Chhattisgarh,Gaurela-Pendra-Marwahi,116538,29457,59908,56630,95092,21446,16960,15100,3417,34.11,1,3,15241,1,synthetic_prototype
A0139,Chhattisgarh,Janjgir-Champa,127533,26376,63893,63640,88809,38724,18595,11240,1704,74.84,2,3,12803,1,synthetic_prototype
A0140,Chhattisgarh,Jashpur,221260,62374,116053,105207,147317,73943,21537,12969,9736,22.73,3,6,12796,1,synthetic_prototype
A0141,Chhattisgarh,Kabirdham,405030,92973,200675,204355,340812,64218,54926,34990,10848,37.34,6,8,18391,3,synthetic_prototype
A0142,Chhattisgarh,Kanker,5836893,1589863,2995116,2841777,3835055,2001838,594971,333565,13444,434.16,127,196,333863,38,synthetic_prototype
A0143,Chhattisgarh,Kondagaon,457752,87022,238953,218799,90327,367425,45178,45134,9867,46.39,8,15,32024,2,synthetic_prototype
A0144,Chhattisgarh,Korba,204848,46236,105798,99050,173280,31568,25528,23712,1184,173.01,3,4,10454,1,synthetic_prototype
A0145,Chhattisgarh,Korea,524059,108504,266229,257830,114073,409986,73626,42596,11993,43.7,7,19,40833,4,synthetic_prototype
A0146,Chhattisgarh,Mahasamund,107611,23692,56719,50892,90903,16708,13257,13535,9466,11.37,2,2,4877,1,synthetic_prototype
A0147,Chhattisgarh,Manendragarh-Chirmiri-Bharatpur,898164,244379,450990,447174,157459,740705,90758,74019,14073,63.82,15,30,69731,5,synthetic_prototype
A0148,Chhattisgarh,Mohla-Manpur-Ambagarh Chowki,1151645,209988,588061,563584,656916,494729,176836,109091,12815,89.87,24,24,50630,5,synthetic_prototype
A0149,Chhattisgarh,Mungeli,1109118,302885,579222,529896,840311,268807,158828,85869,6223,178.23,24,27,79337,4,synthetic_prototype
A0150,Chhattisgarh,Narayanpur,330950,61911,173053,157897,198133,132817,29984,42223,7459,44.37,5,7,16872,1,synthetic_prototype
A0151,Chhattisgarh,Raigarh,152494,28103,75137,77357,62106,90388,12514,9479,8378,18.2,2,4,10280,1,synthetic_prototype
A0152,Chhattisgarh,Raipur,326039,68796,161137,164902,149214,176825,42797,22641,9857,33.08,7,14,40328,1,synthetic_prototype
A0153,Chhattisgarh,Rajnandgaon,513326,125001,256440,256886,430462,82864,46907,31274,1785,287.58,8,23,46779,2,synthetic_prototype
A0154,Chhattisgarh,Sakti,315815,69347,162521,153294,227317,88498,33002,33523,6563,48.12,7,6,26520,2,synthetic_prototype
A0155,Chhattisgarh,Sarangarh-Bilaigarh,137294,31690,71302,65992,100125,37169,19433,7001,7375,18.62,3,4,16644,1,synthetic_prototype
A0156,Chhattisgarh,Sukma,72985,13387,36390,36595,38296,34689,5909,5233,12082,6.04,1,2,3150,1,synthetic_prototype
A0157,Chhattisgarh,Surajpur,1463836,294255,745867,717969,320079,1143757,134678,115966,7297,200.61,28,45,124621,6,synthetic_prototype
A0158,Chhattisgarh,Surguja,377554,77426,199429,178125,292400,85154,53972,29595,6732,56.08,7,8,13067,1,synthetic_prototype
A0159,Goa,North Goa,3825915,1053012,2011684,1814231,2339729,1486186,500940,402692,7920,483.07,85,90,349943,18,synthetic_prototype
A0160,Goa,South Goa,241417,66277,119113,122304,43254,198163,33147,13637,477,506.12,3,5,17476,1,synthetic_prototype
A0161,Gujarat,Ahmedabad,1469472,304831,730926,738546,900726,568746,138025,86486,11536,127.38,30,71,58574,5,synthetic_prototype
A0162,Gujarat,Amreli,229373,58642,119450,109923,81842,147531,29812,19353,2084,110.06,3,5,24604,1,synthetic_prototype
A0163,Gujarat,Anand,232461,45371,119502,112959,194332,38129,29428,27273,9950,23.36,5,7,32863,1,synthetic_prototype
A0164,Gujarat,Aravalli,1118881,207732,567589,551292,459319,659562,128841,117666,3838,291.53,25,43,152650,5,synthetic_prototype
A0165,Gujarat,Banaskantha,1045989,208776,547952,498037,787586,258403,160574,76045,7069,147.97,16,24,128838,5,synthetic_prototype
A0166,Gujarat,Bharuch,246945,68856,126386,120559,67712,179233,39208,33180,2722,90.72,5,5,31642,1,synthetic_prototype
A0167,Gujarat,Bhavnagar,1526187,372686,780933,745254,1011802,514385,194173,146136,8605,177.36,25,33,162317,7,synthetic_prototype
A0168,Gujarat,Botad,451925,91244,229786,222139,118427,333498,36491,32629,14879,30.37,10,14,56946,3,synthetic_prototype
A0169,Gujarat,Chhota Udaipur,2349949,509921,1169148,1180801,1365766,984183,254806,283265,376,6249.86,37,111,280790,18,synthetic_prototype
A0170,Gujarat,Dahod,656495,159684,331344,325151,538753,117742,69689,41621,13186,49.79,9,21,55036,3,synthetic_prototype
A0171,Gujarat,Dang,553869,116870,280537,273332,234878,318991,75132,27853,5525,100.25,8,24,55710,3,synthetic_prototype
A0172,Gujarat,Devbhoomi Dwarka,1124209,243265,553778,570431,674107,450102,142098,113020,9171,122.58,18,25,70126,5,synthetic_prototype
A0173,Gujarat,Gandhinagar,195204,38446,98259,96945,37281,157923,27873,22192,7903,24.7,3,7,13543,1,synthetic_prototype
A0174,Gujarat,Gir Somnath,440923,80216,219943,220980,93484,347439,56375,51239,14016,31.46,7,13,46888,2,synthetic_prototype
A0175,Gujarat,Jamnagar,352750,91174,178263,174487,260280,92470,44358,36297,5624,62.72,7,16,11606,1,synthetic_prototype
A0176,Gujarat,Junagadh,169491,42176,86562,82929,57821,111670,17609,22823,6615,25.62,2,3,8869,1,synthetic_prototype
A0177,Gujarat,Kheda,137321,31396,67730,69591,33428,103893,18982,13001,11023,12.46,2,5,14175,1,synthetic_prototype
A0178,Gujarat,Kutch,50000,13834,25813,24187,33798,16202,7826,2810,4448,11.24,1,1,6937,1,synthetic_prototype
A0179,Gujarat,Mahisagar,1103044,309216,574761,528283,512714,590330,94011,103555,1221,903.39,16,45,103565,6,synthetic_prototype
A0180,Gujarat,Mehsana,198158,36514,104229,93929,77903,120255,16198,21746,8534,23.22,2,9,15903,1,synthetic_prototype
A0181,Gujarat,Morbi,978978,207540,501837,477141,282599,696379,114652,134590,5437,180.06,22,39,55838,7,synthetic_prototype
A0182,Gujarat,Narmada,126211,24177,64676,61535,94081,32130,15381,7614,10925,11.55,3,3,12018,1,synthetic_prototype
A0183,Gujarat,Navsari,151427,34223,79927,71500,40285,111142,22410,16689,6352,23.84,2,4,5674,1,synthetic_prototype
A0184,Gujarat,Panchmahal,50000,12811,25418,24582,35724,14276,4207,6038,4101,12.19,1,1,6040,1,synthetic_prototype
A0185,Gujarat,Patan,611138,111725,320739,290399,467952,143186,60566,55376,11648,52.47,14,27,52357,2,synthetic_prototype
A0186,Gujarat,Porbandar,343741,66820,175277,168464,181182,162559,30399,37505,5892,58.34,5,7,18717,1,synthetic_prototype
A0187,Gujarat,Rajkot,1109288,208114,571708,537580,614895,494393,159552,94996,8135,136.36,24,27,138873,7,synthetic_prototype
A0188,Gujarat,Sabarkantha,226807,59979,119356,107451,170111,56696,23168,31416,3269,69.38,4,4,24611,1,synthetic_prototype
A0189,Gujarat,Surat,3479937,640370,1827999,1651938,725305,2754632,502114,332224,6441,540.28,50,86,369432,27,synthetic_prototype
A0190,Gujarat,Surendranagar,152126,32931,77143,74983,116733,35393,14144,7778,8052,18.89,2,3,6013,1,synthetic_prototype
A0191,Gujarat,Tapi,620625,139706,317531,303094,448925,171700,84913,48589,12378,50.14,11,20,55425,2,synthetic_prototype
A0192,Gujarat,Vadodara,329258,88957,163624,165634,126647,202611,45095,40939,3826,86.06,7,10,27671,1,synthetic_prototype
A0193,Gujarat,Valsad,1494285,313380,782494,711791,592726,901559,175881,206389,2156,693.08,24,50,167896,13,synthetic_prototype
A0194,Haryana,Ambala,2025477,499063,1061814,963663,551774,1473703,198849,253860,9750,207.74,33,57,134972,15,synthetic_prototype
A0195,Haryana,Bhiwani,739631,183961,385083,354548,562003,177628,105823,81247,13635,54.25,12,20,32039,4,synthetic_prototype
A0196,Haryana,Charkhi Dadri,529443,97081,277736,251707,250029,279414,65508,44598,1927,274.75,10,24,62891,2,synthetic_prototype
A0197,Haryana,Faridabad,899371,254346,473456,425915,318874,580497,126196,110120,14453,62.23,14,30,116493,6,synthetic_prototype
A0198,Haryana,Fatehabad,286219,77501,141536,144683,217791,68428,39010,28239,3855,74.25,7,8,18933,1,synthetic_prototype
A0199,Haryana,Gurugram,154248,31898,75878,78370,103382,50866,23481,19543,9020,17.1,2,6,6089,1,synthetic_prototype
A0200,Haryana,Hisar,152085,29183,74732,77353,107403,44682,19257,21229,7965,19.09,3,3,15494,1,synthetic_prototype
A0201,Haryana,Jhajjar,1173143,283786,601670,571473,897789,275354,142414,104102,6688,175.41,18,30,160841,7,synthetic_prototype
A0202,Haryana,Jind,730214,183707,376244,353970,419845,310369,92982,82687,7831,93.25,16,23,64638,3,synthetic_prototype
A0203,Haryana,Kaithal,500420,124830,255339,245081,335539,164881,65419,28215,5619,89.06,9,23,23421,3,synthetic_prototype
A0204,Haryana,Karnal,767954,162648,386475,381479,637457,130497,91051,51951,4426,173.51,16,21,23546,7,synthetic_prototype
A0205,Haryana,Kurukshetra,324743,60546,166554,158189,231155,93588,39298,24814,6136,52.92,7,8,14178,2,synthetic_prototype
A0206,Haryana,Mahendragarh,208531,38014,109472,99059,105347,103184,24916,23606,2232,93.43,4,6,16811,1,synthetic_prototype
A0207,Haryana,Nuh,577882,112376,290313,287569,332590,245292,84314,78566,323,1789.11,9,26,35200,5,synthetic_prototype
A0208,Haryana,Palwal,735808,166756,380753,355055,421365,314443,65603,62209,5725,128.53,16,22,88400,6,synthetic_prototype
A0209,Haryana,Panchkula,353325,75378,182578,170747,285913,67412,47449,29175,448,788.67,5,7,36572,1,synthetic_prototype
A0210,Haryana,Panipat,230959,50560,114283,116676,151689,79270,35151,12929,2389,96.68,5,7,15105,1,synthetic_prototype
A0211,Haryana,Rewari,255575,53193,130942,124633,60341,195234,27462,29551,12730,20.08,4,7,28306,1,synthetic_prototype
A0212,Haryana,Rohtak,485456,94357,253194,232262,176909,308547,56173,59154,12906,37.61,7,14,33139,2,synthetic_prototype
A0213,Haryana,Sirsa,1630407,373855,843794,786613,1049835,580572,179286,106004,2396,680.47,24,53,79132,15,synthetic_prototype
A0214,Haryana,Sonipat,83910,19426,43253,40657,50520,33390,8999,4737,4874,17.22,1,2,6188,1,synthetic_prototype
A0215,Haryana,Yamunanagar,430884,95520,213555,217329,272229,158655,51209,22612,14471,29.78,8,20,14527,2,synthetic_prototype
A0216,Himachal Pradesh,Bilaspur,585464,143549,287424,298040,153401,432063,82255,53433,13531,43.27,13,12,39621,2,synthetic_prototype
A0217,Himachal Pradesh,Chamba,1429913,334793,717153,712760,1199424,230489,224340,121618,5303,269.64,25,58,137908,7,synthetic_prototype
A0218,Himachal Pradesh,Hamirpur,640268,159323,335081,305187,437515,202753,73781,49435,3160,202.62,15,21,39971,2,synthetic_prototype
A0219,Himachal Pradesh,Kangra,61126,13650,30292,30834,34006,27120,7061,6501,6206,9.85,1,1,6406,1,synthetic_prototype
A0220,Himachal Pradesh,Kinnaur,934633,209978,465496,469137,546257,388376,104315,50050,8282,112.85,19,19,130039,4,synthetic_prototype
A0221,Himachal Pradesh,Kullu,1310325,323414,683492,626833,316386,993939,117910,159176,13193,99.32,19,53,112060,5,synthetic_prototype
A0222,Himachal Pradesh,Lahaul and Spiti,487957,119845,255953,232004,238310,249647,62018,40880,3287,148.45,7,15,44576,2,synthetic_prototype
A0223,Himachal Pradesh,Mandi,1271943,273709,643989,627954,1064002,207941,185959,151116,14353,88.62,27,54,168501,7,synthetic_prototype
A0224,Himachal Pradesh,Shimla,553069,125793,290761,262308,410862,142207,47008,71628,7803,70.88,9,11,17860,3,synthetic_prototype
A0225,Himachal Pradesh,Sirmaur,1361520,266500,674466,687054,864255,497265,141532,112031,4397,309.65,29,27,42293,5,synthetic_prototype
A0226,Himachal Pradesh,Solan,1141126,229337,596967,544159,711805,429321,118185,58526,12561,90.85,18,46,137404,5,synthetic_prototype
A0227,Himachal Pradesh,Una,1452669,397414,747462,705207,1078091,374578,126510,136386,6290,230.95,27,66,104386,12,synthetic_prototype
A0228,Jharkhand,Bokaro,898339,197647,474239,424100,642999,255340,77064,122138,4703,191.01,21,25,112599,4,synthetic_prototype
A0229,Jharkhand,Chatra,88649,20567,44434,44215,27717,60932,12790,11846,13619,6.51,1,2,5063,1,synthetic_prototype
A0230,Jharkhand,Deoghar,206338,55084,106086,100252,172351,33987,22413,22347,13363,15.44,3,6,20696,1,synthetic_prototype
A0231,Jharkhand,Dhanbad,545609,118481,282929,262680,174241,371368,79551,66758,7946,68.66,12,12,34138,3,synthetic_prototype
A0232,Jharkhand,Dumka,270591,54147,134038,136553,94434,176157,35275,14852,4968,54.47,6,7,9639,1,synthetic_prototype
A0233,Jharkhand,East Singhbhum,318731,77127,156226,162505,235075,83656,31792,37189,1797,177.37,6,11,41793,2,synthetic_prototype
A0234,Jharkhand,Garhwa,516686,121440,271608,245078,362844,153842,59266,68148,14471,35.7,12,12,46118,3,synthetic_prototype
A0235,Jharkhand,Giridih,1835354,337872,911580,923774,280908,1554446,251523,201842,11487,159.78,26,44,120704,15,synthetic_prototype
A0236,Jharkhand,Godda,1117065,206344,576144,540921,778903,338162,93671,92051,7655,145.93,21,33,61512,7,synthetic_prototype
A0237,Jharkhand,Gumla,266161,67829,134853,131308,182931,83230,38799,33677,9963,26.71,4,5,14875,1,synthetic_prototype
A0238,Jharkhand,Hazaribagh,381634,76676,191508,190126,219602,162032,34701,41463,4939,77.27,6,11,44111,2,synthetic_prototype
A0239,Jharkhand,Jamtara,318501,78930,156805,161696,129773,188728,28321,30712,12581,25.32,7,10,22448,3,synthetic_prototype
A0240,Jharkhand,Khunti,808703,177274,409645,399058,191709,616994,96582,69860,9048,89.38,20,23,117763,4,synthetic_prototype
A0241,Jharkhand,Koderma,135833,36211,70757,65076,93968,41865,16531,18723,549,247.42,2,3,6034,1,synthetic_prototype
A0242,Jharkhand,Latehar,1348254,321304,676462,671792,218803,1129451,191251,130263,5764,233.91,33,46,145038,5,synthetic_prototype
A0243,Jharkhand,Lohardaga,526150,144889,267452,258698,366338,159812,58844,40651,3655,143.95,11,15,62976,3,synthetic_prototype
A0244,Jharkhand,Pakur,564645,102987,298308,266337,107559,457086,87755,68134,8303,68.0,8,25,41716,4,synthetic_prototype
A0245,Jharkhand,Palamu,304006,59350,158464,145542,178053,125953,38384,19221,9648,31.51,5,7,18601,2,synthetic_prototype
A0246,Jharkhand,Ramgarh,321992,65506,161517,160475,255094,66898,37865,41895,1214,265.23,7,15,34037,1,synthetic_prototype
A0247,Jharkhand,Ranchi,88640,17333,45843,42797,44357,44283,7631,6623,7057,12.56,1,2,3126,1,synthetic_prototype
A0248,Jharkhand,Sahibganj,532181,97426,265221,266960,245803,286378,44702,67016,11959,44.5,8,19,77312,4,synthetic_prototype
A0249,Jharkhand,Seraikela Kharsawan,89489,16382,45974,43515,40797,48692,7682,9486,3094,28.92,1,1,12818,1,synthetic_prototype
A0250,Jharkhand,Simdega,702339,157694,371602,330737,361719,340620,98738,45336,10859,64.68,14,17,77251,5,synthetic_prototype
A0251,Jharkhand,West Singhbhum,1951513,364606,957186,994327,974247,977266,157532,160282,3661,533.05,33,73,133874,8,synthetic_prototype
A0252,Karnataka,Bagalkot,631348,141501,311769,319579,416817,214531,72160,33224,10037,62.9,14,22,49081,2,synthetic_prototype
A0253,Karnataka,Ballari,231104,49654,120213,110891,98154,132950,35468,31333,5549,41.65,3,8,22576,1,synthetic_prototype
A0254,Karnataka,Belagavi,1658300,447752,828513,829787,1010968,647332,158081,219959,7737,214.33,35,78,56916,13,synthetic_prototype
A0255,Karnataka,Bengaluru Rural,294479,64957,151145,143334,240095,54384,33844,30098,11454,25.71,6,9,40429,1,synthetic_prototype
A0256,Karnataka,Bengaluru Urban,878805,195503,445358,433447,680889,197916,125167,81614,3308,265.66,15,34,61329,3,synthetic_prototype
A0257,Karnataka,Bidar,50000,9916,26171,23829,35880,14120,5328,5621,9923,5.04,1,1,4734,1,synthetic_prototype
A0258,Karnataka,Chamarajanagar,539796,154226,265311,274485,241644,298152,48705,64181,6423,84.04,9,24,79225,4,synthetic_prototype
A0259,Karnataka,Chikkaballapur,149156,37774,73095,76061,46431,102725,20635,20436,10046,14.85,2,3,12039,1,synthetic_prototype
A0260,Karnataka,Chikkamagaluru,149368,35212,77448,71920,56417,92951,21709,9909,13558,11.02,2,3,18000,1,synthetic_prototype
A0261,Karnataka,Chitradurga,2517809,497466,1288563,1229246,515947,2001862,344299,163805,8881,283.51,36,118,155699,13,synthetic_prototype
A0262,Karnataka,Dakshina Kannada,1177445,260053,610595,566850,421044,756401,165690,69735,7780,151.34,23,24,152244,5,synthetic_prototype
A0263,Karnataka,Davanagere,321043,79306,166230,154813,255131,65912,44406,40949,12163,26.4,7,10,22560,1,synthetic_prototype
A0264,Karnataka,Dharwad,2663659,493802,1379900,1283759,1996615,667044,368023,267928,7595,350.71,51,107,331211,12,synthetic_prototype
A0265,Karnataka,Gadag,329731,75361,161718,168013,243110,86621,44941,45279,3754,87.83,5,7,31512,1,synthetic_prototype
A0266,Karnataka,Hassan,411844,106736,210119,201725,76672,335172,56618,52566,12060,34.15,7,12,18864,1,synthetic_prototype
A0267,Karnataka,Haveri,274076,68502,143850,130226,96757,177319,36675,33355,9485,28.9,4,6,38022,2,synthetic_prototype
A0268,Karnataka,Kalaburagi,186693,45384,91866,94827,116088,70605,23132,14167,5488,34.02,3,6,22015,1,synthetic_prototype
A0269,Karnataka,Kodagu,258900,48043,130303,128597,163057,95843,21884,21657,9733,26.6,4,6,13949,1,synthetic_prototype
A0270,Karnataka,Kolar,80229,18384,39637,40592,54207,26022,8201,6006,14711,5.45,1,2,4133,1,synthetic_prototype
A0271,Karnataka,Koppal,351371,81805,182074,169297,234195,117176,39992,28526,4184,83.98,7,10,21863,2,synthetic_prototype
A0272,Karnataka,Mandya,175565,48084,92828,82737,107047,68518,22523,9994,14285,12.29,3,7,17887,1,synthetic_prototype
A0273,Karnataka,Mysuru,120622,24550,63760,56862,19369,101253,12070,13370,9267,13.02,2,4,12269,1,synthetic_prototype
A0274,Karnataka,Raichur,1014323,203963,501315,513008,824354,189969,93709,136960,13280,76.38,22,26,115771,5,synthetic_prototype
A0275,Karnataka,Ramanagara,351726,81833,175906,175820,196280,155446,40807,47898,12645,27.82,7,8,51788,3,synthetic_prototype
A0276,Karnataka,Shivamogga,423590,79486,214905,208685,66005,357585,37026,49710,6680,63.41,8,12,49481,4,synthetic_prototype
A0277,Karnataka,Tumakuru,2544854,652770,1271614,1273240,1517704,1027150,348961,148174,13198,192.82,40,124,152195,19,synthetic_prototype
A0278,Karnataka,Udupi,1761108,354671,880382,880726,598009,1163099,149697,160797,9218,191.05,29,78,253914,7,synthetic_prototype
A0279,Karnataka,Uttara Kannada,729186,146253,373175,356011,585461,143725,70018,76936,11147,65.42,13,33,54348,3,synthetic_prototype
A0280,Karnataka,Vijayapura,709277,134061,362818,346459,396566,312711,71997,58983,10097,70.25,11,21,74920,5,synthetic_prototype
A0281,Karnataka,Yadgir,241382,46874,124546,116836,110983,130399,37390,13459,4598,52.5,4,11,15961,1,synthetic_prototype
A0282,Kerala,Alappuzha,2469133,490990,1258378,1210755,467464,2001669,380663,146877,6322,390.56,41,88,121330,19,synthetic_prototype
A0283,Kerala,Ernakulam,975174,236714,504560,470614,702016,273158,86629,74139,3974,245.39,17,27,71018,6,synthetic_prototype
A0284,Kerala,Idukki,621599,114991,324208,297391,453760,167839,65033,82200,5103,121.81,12,17,88847,2,synthetic_prototype
A0285,Kerala,Kannur,351582,72433,179350,172232,188926,162656,33579,44754,12617,27.87,5,8,29077,1,synthetic_prototype
A0286,Kerala,Kasaragod,188828,47693,97613,91215,49521,139307,17814,21234,2028,93.11,4,9,21951,1,synthetic_prototype
A0287,Kerala,Kollam,127297,31959,62472,64825,26539,100758,11871,16571,5507,23.12,2,4,11750,1,synthetic_prototype
A0288,Kerala,Kottayam,467396,118655,230103,237293,150383,317013,52013,33221,14409,32.44,7,12,37341,2,synthetic_prototype
A0289,Kerala,Kozhikode,2873281,548225,1427640,1445641,1843216,1030065,344819,250194,9581,299.89,51,122,295018,24,synthetic_prototype
A0290,Kerala,Malappuram,653184,152480,323792,329392,252158,401026,88418,44784,13466,48.51,14,18,52458,6,synthetic_prototype
A0291,Kerala,Palakkad,6081689,1229397,3147549,2934140,3587579,2494110,609761,309546,8174,744.03,93,136,797912,35,synthetic_prototype
A0292,Kerala,Pathanamthitta,145514,27930,75909,69605,55810,89704,16894,9678,13273,10.96,2,6,11137,1,synthetic_prototype
A0293,Kerala,Thiruvananthapuram,423867,77972,222570,201297,83451,340416,47113,41860,1278,331.66,7,19,31813,1,synthetic_prototype
A0294,Kerala,Thrissur,468842,118988,248433,220409,212587,256255,58476,36993,5452,85.99,9,21,34857,2,synthetic_prototype
A0295,Kerala,Wayanad,1084973,242833,531999,552974,701040,383933,105690,118860,378,2870.3,16,25,103951,9,synthetic_prototype
A0296,Madhya Pradesh,Agar Malwa,1583067,310040,812665,770402,1086871,496196,225676,186259,7914,200.03,35,39,165362,7,synthetic_prototype
A0297,Madhya Pradesh,Alirajpur,284064,60512,147713,136351,219662,64402,43364,33600,9915,28.65,4,7,30078,2,synthetic_prototype
A0298,Madhya Pradesh,Anuppur,273896,66356,142057,131839,131947,141949,27848,18680,3850,71.14,5,8,38055,1,synthetic_prototype
A0299,Madhya Pradesh,Ashoknagar,178482,36538,92164,86318,129449,49033,25647,13292,4181,42.69,2,4,12304,1,synthetic_prototype
A0300,Madhya Pradesh,Balaghat,2021365,501670,1046633,974732,573357,1448008,197077,209367,10030,201.53,31,46,245195,15,synthetic_prototype
A0301,Madhya Pradesh,Barwani,574033,160912,291203,282830,234115,339918,47353,42112,13224,43.41,12,15,19906,2,synthetic_prototype
A0302,Madhya Pradesh,Betul,258114,48683,135746,122368,97081,161033,38987,20462,14943,17.27,3,5,15456,1,synthetic_prototype
A0303,Madhya Pradesh,Bhind,942968,218159,499683,443285,707807,235161,93655,50572,2212,426.3,23,30,116973,5,synthetic_prototype
A0304,Madhya Pradesh,Bhopal,816244,162316,421323,394921,301148,515096,80450,41868,9469,86.2,12,38,106482,4,synthetic_prototype
A0305,Madhya Pradesh,Burhanpur,3309376,660098,1699289,1610087,2498920,810456,418556,460536,6801,486.6,54,104,190173,17,synthetic_prototype
A0306,Madhya Pradesh,Chhatarpur,1231458,313885,649182,582276,984830,246628,132199,120056,14935,82.45,17,31,155815,5,synthetic_prototype
A0307,Madhya Pradesh,Chhindwara,244664,45447,126489,118175,114584,130080,32834,20449,2760,88.65,4,6,27807,1,synthetic_prototype
A0308,Madhya Pradesh,Damoh,500592,129730,248417,252175,171553,329039,65515,52030,10665,46.94,9,12,65319,3,synthetic_prototype
A0309,Madhya Pradesh,Datia,2093107,467525,1092837,1000270,1542009,551098,328353,205614,6207,337.22,46,56,132371,8,synthetic_prototype
A0310,Madhya Pradesh,Dewas,1039214,291628,533858,505356,580124,459090,112644,56823,6523,159.32,24,27,141038,4,synthetic_prototype
A0311,Madhya Pradesh,Dhar,142826,35066,75047,67779,107704,35122,13673,16620,12098,11.81,2,6,19664,1,synthetic_prototype
A0312,Madhya Pradesh,Dindori,824647,197730,419415,405232,685584,139063,121875,45863,1285,641.75,11,18,109105,3,synthetic_prototype
A0313,Madhya Pradesh,Guna,360101,89197,179485,180616,71920,288181,35415,33208,1784,201.85,7,14,52851,1,synthetic_prototype
A0314,Madhya Pradesh,Gwalior,209697,50498,106440,103257,173510,36187,21445,25550,4700,44.62,4,8,12744,1,synthetic_prototype
A0315,Madhya Pradesh,Harda,280373,53615,146455,133918,83370,197003,25725,22664,2577,108.8,6,8,18586,1,synthetic_prototype
A0316,Madhya Pradesh,Indore,530421,140020,262816,267605,378011,152410,67074,50652,9472,56.0,11,15,21149,3,synthetic_prototype
A0317,Madhya Pradesh,Jabalpur,1105037,237715,559971,545066,209830,895207,128929,127356,10108,109.32,17,24,74772,6,synthetic_prototype
A0318,Madhya Pradesh,Jhabua,255367,65641,135236,120131,188480,66887,38601,21305,7494,34.08,4,7,22467,1,synthetic_prototype
A0319,Madhya Pradesh,Katni,1145611,305333,576390,569221,498069,647542,133256,135892,3187,359.46,16,45,112415,6,synthetic_prototype
A0320,Madhya Pradesh,Khandwa,306659,72251,158171,148488,151102,155557,30170,30586,10026,30.59,6,8,16017,2,synthetic_prototype
A0321,Madhya Pradesh,Khargone,240897,51889,120792,120105,175372,65525,37139,33073,2402,100.29,4,5,17847,2,synthetic_prototype
A0322,Madhya Pradesh,Maihar,258041,53253,135163,122878,139277,118764,37073,16969,3541,72.87,5,5,15472,1,synthetic_prototype
A0323,Madhya Pradesh,Mandla,755259,204813,374670,380589,509940,245319,88112,61636,7446,101.43,11,35,49073,5,synthetic_prototype
A0324,Madhya Pradesh,Mandsaur,1512055,301137,795851,716204,478871,1033184,177584,139059,2571,588.12,27,45,153669,6,synthetic_prototype
A0325,Madhya Pradesh,Mauganj,261385,62519,129863,131522,190624,70761,21547,17878,7805,33.49,4,5,23833,1,synthetic_prototype
A0326,Madhya Pradesh,Morena,1773273,342439,871380,901893,328357,1444916,220050,158594,2661,666.39,43,52,103731,16,synthetic_prototype
A0327,Madhya Pradesh,Narmadapuram,250237,49038,125429,124808,144092,106145,23492,21064,6063,41.27,4,10,30712,1,synthetic_prototype
A0328,Madhya Pradesh,Narsinghpur,615080,169334,315309,299771,383917,231163,94926,52195,581,1058.66,9,17,75672,4,synthetic_prototype
A0329,Madhya Pradesh,Neemuch,364143,77101,188158,175985,299705,64438,56317,26908,10273,35.45,7,8,52312,1,synthetic_prototype
A0330,Madhya Pradesh,Niwari,414907,117852,207909,206998,276886,138021,42540,56718,10825,38.33,6,10,61743,2,synthetic_prototype
A0331,Madhya Pradesh,Panna,241837,45026,121025,120812,111235,130602,25990,30256,3030,79.81,4,5,9048,2,synthetic_prototype
A0332,Madhya Pradesh,Raisen,351670,80044,180691,170979,92824,258846,32366,48223,7672,45.84,7,10,38483,1,synthetic_prototype
A0333,Madhya Pradesh,Rajgarh,705506,200784,368765,336741,552447,153059,99168,38806,3422,206.17,11,21,55233,3,synthetic_prototype
A0334,Madhya Pradesh,Ratlam,2024850,500795,1065814,959036,1573093,451757,212832,227178,3101,652.97,44,66,165217,9,synthetic_prototype
A0335,Madhya Pradesh,Rewa,629389,134136,315649,313740,328552,300837,75165,48459,6677,94.26,14,26,60171,2,synthetic_prototype
A0336,Madhya Pradesh,Sagar,250108,48640,129886,120222,97734,152374,33187,33474,8629,28.98,4,5,19493,1,synthetic_prototype
A0337,Madhya Pradesh,Satna,391323,99588,199010,192313,216714,174609,35022,54100,1288,303.82,6,9,13263,1,synthetic_prototype
A0338,Madhya Pradesh,Sehore,485712,118677,240005,245707,253835,231877,45560,49114,14093,34.46,7,9,29706,1,synthetic_prototype
A0339,Madhya Pradesh,Seoni,65656,16608,32310,33346,12162,53494,8887,5988,9325,7.04,1,1,4799,1,synthetic_prototype
A0340,Madhya Pradesh,Shahdol,187140,36612,95271,91869,135580,51560,20223,15463,5124,36.52,4,8,16094,1,synthetic_prototype
A0341,Madhya Pradesh,Shajapur,281768,63773,147177,134591,117411,164357,41107,23841,4758,59.22,4,11,40025,1,synthetic_prototype
A0342,Madhya Pradesh,Sheopur,768150,200958,377396,390754,401051,367099,90678,66596,9949,77.21,11,20,88929,6,synthetic_prototype
A0343,Madhya Pradesh,Shivpuri,168934,40133,89119,79815,97805,71129,22458,9614,8394,20.13,3,3,21583,1,synthetic_prototype
A0344,Madhya Pradesh,Sidhi,359830,83171,179991,179839,148041,211789,31834,29484,10234,35.16,6,16,27862,2,synthetic_prototype
A0345,Madhya Pradesh,Singrauli,607710,131707,307967,299743,108987,498723,56794,78479,3701,164.2,11,14,88102,4,synthetic_prototype
A0346,Madhya Pradesh,Tikamgarh,317153,66633,167257,149896,244311,72842,48623,33994,6227,50.93,5,8,35296,1,synthetic_prototype
A0347,Madhya Pradesh,Ujjain,960448,220154,502618,457830,242518,717930,118349,121035,5871,163.59,14,34,126112,5,synthetic_prototype
A0348,Madhya Pradesh,Umaria,769149,214933,386373,382776,392163,376986,96792,60969,4298,178.96,19,15,112210,4,synthetic_prototype
A0349,Madhya Pradesh,Vidisha,186487,36807,97386,89101,115578,70909,29043,16041,4209,44.31,2,8,19100,1,synthetic_prototype
A0350,Maharashtra,Ahmednagar,1590350,335127,786929,803421,1004515,585835,246635,105450,3573,445.1,32,43,127328,12,synthetic_prototype
A0351,Maharashtra,Akola,327466,88492,172220,155246,222708,104758,28401,27958,543,603.07,5,8,16229,2,synthetic_prototype
A0352,Maharashtra,Amravati,131995,33307,69085,62910,21989,110006,20851,8208,13065,10.1,1,4,4761,1,synthetic_prototype
A0353,Maharashtra,Aurangabad,65554,15938,33650,31904,11147,54407,5303,7923,891,73.57,1,2,9627,1,synthetic_prototype
A0354,Maharashtra,Beed,1653330,389069,857049,796281,566542,1086788,168175,217217,8383,197.22,39,50,214740,7,synthetic_prototype
A0355,Maharashtra,Bhandara,218026,52222,114946,103080,157439,60587,19105,19732,13099,16.64,5,8,26227,2,synthetic_prototype
A0356,Maharashtra,Buldhana,217037,47597,110186,106851,107384,109653,23169,18559,2672,81.23,3,4,26309,1,synthetic_prototype
A0357,Maharashtra,Chandrapur,279542,78317,141542,138000,112586,166956,37563,15403,6061,46.12,4,10,29905,2,synthetic_prototype
A0358,Maharashtra,Dhule,220885,51099,116147,104738,170138,50747,22924,15616,3835,57.6,3,4,24467,1,synthetic_prototype
A0359,Maharashtra,Gadchiroli,146727,40062,74011,72716,97803,48924,19617,10910,14890,9.85,3,2,21609,1,synthetic_prototype
A0360,Maharashtra,Gondia,317810,71653,163072,154738,194371,123439,47445,24169,9405,33.79,6,9,22130,1,synthetic_prototype
A0361,Maharashtra,Hingoli,304882,60264,157795,147087,245156,59726,44470,30505,538,566.7,4,14,41704,1,synthetic_prototype
A0362,Maharashtra,Jalgaon,685095,130965,341460,343635,243789,441306,96755,49855,1811,378.3,15,13,75950,3,synthetic_prototype
A0363,Maharashtra,Jalna,1444817,331522,742817,702000,817722,627095,194476,147056,4356,331.68,22,53,163383,10,synthetic_prototype
A0364,Maharashtra,Kolhapur,136210,36207,70813,65397,80054,56156,13280,7545,9208,14.79,2,6,16086,1,synthetic_prototype
A0365,Maharashtra,Latur,964484,240089,490549,473935,368799,595685,78214,55307,709,1360.34,16,29,92375,7,synthetic_prototype
A0366,Maharashtra,Mumbai City,425483,80572,219784,205699,151962,273521,66896,23204,8780,48.46,7,12,16307,3,synthetic_prototype
A0367,Maharashtra,Mumbai Suburban,83399,20407,42221,41178,66059,17340,7627,9534,8024,10.39,1,1,10430,1,synthetic_prototype
A0368,Maharashtra,Nagpur,1275346,315374,673174,602172,798039,477307,132209,63894,3503,364.07,21,32,129084,12,synthetic_prototype
A0369,Maharashtra,Nanded,179043,48536,91717,87326,110207,68836,19232,11120,12523,14.3,2,4,7593,1,synthetic_prototype
A0370,Maharashtra,Nandurbar,1429387,290273,744986,684401,943763,485624,127869,71473,5541,257.97,30,70,135557,6,synthetic_prototype
A0371,Maharashtra,Nashik,479068,101620,236373,242695,244383,234685,59361,40336,6014,79.66,10,20,32476,4,synthetic_prototype
A0372,Maharashtra,Osmanabad,769932,146730,407673,362259,210828,559104,88948,75352,14934,51.56,13,17,53304,5,synthetic_prototype
A0373,Maharashtra,Palghar,2365247,629615,1188795,1176452,1484273,880974,214425,252881,8803,268.69,38,57,284815,10,synthetic_prototype
A0374,Maharashtra,Parbhani,171869,48394,89236,82633,85929,85940,22262,11480,4482,38.35,3,4,22685,1,synthetic_prototype
A0375,Maharashtra,Pune,419196,112961,214483,204713,234705,184491,36420,23111,8908,47.06,7,15,44658,1,synthetic_prototype
A0376,Maharashtra,Raigad,165660,40252,84474,81186,29670,135990,22388,12044,9320,17.77,2,3,16561,1,synthetic_prototype
A0377,Maharashtra,Ratnagiri,1793347,425241,892364,900983,854219,939128,244144,179481,13696,130.94,44,60,66041,8,synthetic_prototype
A0378,Maharashtra,Sangli,115597,23061,58174,57423,74152,41445,15496,9899,6976,16.57,2,2,6948,1,synthetic_prototype
A0379,Maharashtra,Satara,678959,177559,334374,344585,281419,397540,72746,64863,9974,68.07,9,20,49270,4,synthetic_prototype
A0380,Maharashtra,Sindhudurg,477899,99161,251055,226844,110204,367695,54091,40551,6797,70.31,8,21,61002,1,synthetic_prototype
A0381,Maharashtra,Solapur,660321,153458,336167,324154,169043,491278,84616,67588,5269,125.32,15,20,32698,3,synthetic_prototype
A0382,Maharashtra,Thane,504369,96183,248322,256047,149384,354985,62637,52237,8781,57.44,10,11,47831,4,synthetic_prototype
A0383,Maharashtra,Wardha,1047205,239879,525543,521662,447595,599610,95795,66633,9056,115.64,24,21,126309,5,synthetic_prototype
A0384,Maharashtra,Washim,508418,98582,250755,257663,371097,137321,60068,54252,11817,43.02,10,10,22838,2,synthetic_prototype
A0385,Maharashtra,Yavatmal,684179,133645,360861,323318,380712,303467,91529,63844,14272,47.94,16,13,27596,3,synthetic_prototype
A0386,Manipur,Bishnupur,50000,11731,24764,25236,17311,32689,5759,5397,1102,45.37,1,1,3799,1,synthetic_prototype
A0387,Manipur,Chandel,241022,47263,126067,114955,174582,66440,30619,19710,8453,28.51,3,6,29917,1,synthetic_prototype
A0388,Manipur,Churachandpur,409535,103917,216364,193171,180153,229382,50491,42779,9497,43.12,7,16,15214,2,synthetic_prototype
A0389,Manipur,Imphal East,509396,133115,263184,246212,157271,352125,44016,45725,3011,169.18,11,16,18408,3,synthetic_prototype
A0390,Manipur,Imphal West,2166507,571539,1103470,1063037,1101008,1065499,239664,271946,7733,280.16,51,97,214189,11,synthetic_prototype
A0391,Manipur,Jiribam,517463,133692,254564,262899,425278,92185,45454,27925,8256,62.68,8,24,74264,2,synthetic_prototype
A0392,Manipur,Kakching,1231237,328630,607107,624130,440325,790912,115232,75628,7922,155.42,25,40,183134,6,synthetic_prototype
A0393,Manipur,Kamjong,1176218,272173,576543,599675,239631,936587,157183,126753,7497,156.89,22,56,82622,9,synthetic_prototype
A0394,Manipur,Kangpokpi,53871,13041,28458,25413,11792,42079,6892,6226,6079,8.86,1,2,2773,1,synthetic_prototype
A0395,Manipur,Noney,737852,175684,388772,349080,356060,381792,63321,55526,11801,62.52,10,27,99548,3,synthetic_prototype
A0396,Manipur,Pherzawl,3063761,793353,1550181,1513580,941371,2122390,345512,422921,12047,254.32,61,73,246330,16,synthetic_prototype
A0397,Manipur,Senapati,683355,157759,336473,346882,516955,166400,92501,42777,8364,81.7,13,19,102218,5,synthetic_prototype
A0398,Manipur,Tamenglong,711713,131834,360012,351701,443268,268445,64510,45753,13230,53.8,10,14,39142,4,synthetic_prototype
A0399,Manipur,Tengnoupal,362965,94944,183047,179918,160747,202218,46278,36951,7234,50.17,6,9,20040,1,synthetic_prototype
A0400,Manipur,Thoubal,3498715,869824,1764028,1734687,586522,2912193,498276,352496,10515,332.74,61,79,413558,18,synthetic_prototype
A0401,Manipur,Ukhrul,145571,35710,73770,71801,48465,97106,18624,14008,395,368.53,2,5,17199,1,synthetic_prototype
A0402,Meghalaya,East Garo Hills,426844,115900,225228,201616,238767,188077,40103,39461,9497,44.95,7,13,39510,1,synthetic_prototype
A0403,Meghalaya,East Jaintia Hills,556306,111267,285873,270433,430280,126026,80560,49327,13721,40.54,9,21,34633,4,synthetic_prototype
A0404,Meghalaya,East Khasi Hills,1295384,297584,650615,644769,418149,877235,161159,133319,9346,138.6,30,57,65571,7,synthetic_prototype
A0405,Meghalaya,Eastern West Khasi Hills,220643,45608,115280,105363,94924,125719,17896,23927,12040,18.33,3,10,10691,1,synthetic_prototype
A0406,Meghalaya,North Garo Hills,176640,32933,90542,86098,83190,93450,23500,19627,14955,11.81,2,6,23947,1,synthetic_prototype
A0407,Meghalaya,Ri Bhoi,619176,137591,308861,310315,203915,415261,56375,78833,10220,60.58,13,14,75044,4,synthetic_prototype
A0408,Meghalaya,South Garo Hills,352400,65634,175631,176769,154167,198233,55723,38095,4759,74.05,5,8,39820,1,synthetic_prototype
A0409,Meghalaya,South West Garo Hills,165081,36612,85705,79376,102382,62699,20801,11326,4889,33.77,3,4,19714,1,synthetic_prototype
A0410,Meghalaya,South West Khasi Hills,332982,62608,166746,166236,144423,188559,31929,40125,5742,57.99,5,7,43798,2,synthetic_prototype
A0411,Meghalaya,West Garo Hills,390923,97802,192528,198395,151470,239453,46478,23381,4959,78.83,6,8,25916,1,synthetic_prototype
A0412,Meghalaya,West Jaintia Hills,699279,129735,364034,335245,524502,174777,64148,78409,10333,67.67,13,19,75163,3,synthetic_prototype
A0413,Meghalaya,West Khasi Hills,308649,74236,161873,146776,219658,88991,28082,41888,10036,30.75,4,6,44288,2,synthetic_prototype
A0414,Mizoram,Aizawl,213613,43994,105795,107818,160413,53200,29137,24945,4009,53.28,3,8,7783,1,synthetic_prototype
A0415,Mizoram,Champhai,1456733,375602,723604,733129,609465,847268,214016,144801,10889,133.78,26,38,124270,6,synthetic_prototype
A0416,Mizoram,Hnahthial,406883,84031,210918,195965,297306,109577,35981,51062,10546,38.58,7,8,47623,3,synthetic_prototype
A0417,Mizoram,Khawzawl,1124813,278341,594414,530399,205883,918930,151099,120156,3957,284.26,16,38,138420,7,synthetic_prototype
A0418,Mizoram,Kolasib,354080,83543,173650,180430,87626,266454,43743,48799,5550,63.8,7,9,29346,1,synthetic_prototype
A0419,Mizoram,Lawngtlai,8000000,1657587,4234476,3765524,1974880,6025120,799982,452822,9051,883.88,152,244,993661,61,synthetic_prototype
A0420,Mizoram,Lunglei,4447782,1108262,2294832,2152950,3220982,1226800,504901,405738,11356,391.67,80,150,451565,17,synthetic_prototype
A0421,Mizoram,Mamit,977912,248247,481317,496595,382864,595048,94211,85745,303,3227.43,14,21,116444,7,synthetic_prototype
A0422,Mizoram,Saiha,391579,89789,192932,198647,91729,299850,54007,52312,2051,190.92,7,12,29360,2,synthetic_prototype
A0423,Mizoram,Serchhip,246242,63468,130452,115790,43070,203172,24283,13505,872,282.39,4,5,17470,1,synthetic_prototype
A0424,Mizoram,Saitual,614833,174677,313783,301050,382986,231847,91558,78663,11737,52.38,11,12,54097,2,synthetic_prototype
A0425,Nagaland,Chumoukedima,196218,39940,103933,92285,103382,92836,29158,11530,5380,36.47,4,6,11414,1,synthetic_prototype
A0426,Nagaland,Dimapur,1007799,253067,527180,480619,389142,618657,80672,78309,3733,269.97,23,39,97419,7,synthetic_prototype
A0427,Nagaland,Kiphire,70887,19088,37301,33586,54096,16791,8466,5650,14315,4.95,1,2,4662,1,synthetic_prototype
A0428,Nagaland,Kohima,129515,34558,67519,61996,34321,95194,11630,13876,1336,96.94,1,5,16649,1,synthetic_prototype
A0429,Nagaland,Longleng,795054,157783,416733,378321,213207,581847,64445,76373,14041,56.62,11,17,108590,6,synthetic_prototype
A0430,Nagaland,Mokokchung,292899,63824,146906,145993,102200,190699,32267,25013,2650,110.53,4,11,19693,1,synthetic_prototype
A0431,Nagaland,Mon,851688,200174,422633,429055,512608,339080,105407,49287,6378,133.54,20,30,123220,3,synthetic_prototype
A0432,Nagaland,Niuland,995299,184466,489412,505887,394764,600535,93884,84898,2375,419.07,15,42,147056,6,synthetic_prototype
A0433,Nagaland,Noklak,226360,42426,112654,113706,133409,92951,20753,30428,13345,16.96,3,5,8666,1,synthetic_prototype
A0434,Nagaland,Peren,1427903,304266,735978,691925,527741,900162,154894,90479,12271,116.36,27,59,76539,10,synthetic_prototype
A0435,Nagaland,Phek,1177482,301286,609751,567731,671944,505538,128345,146195,7194,163.68,18,46,50847,5,synthetic_prototype
A0436,Nagaland,Shamator,112224,27158,58059,54165,43773,68451,9205,12580,1119,100.29,1,4,8575,1,synthetic_prototype
A0437,Nagaland,Tuensang,281545,75148,148214,133331,59921,221624,22659,26337,4822,58.39,4,11,41077,2,synthetic_prototype
A0438,Nagaland,Wokha,200919,43973,102843,98076,134434,66485,30290,20063,3173,63.32,4,4,13931,1,synthetic_prototype
A0439,Nagaland,Zunheboto,211214,58683,109729,101485,172444,38770,26991,27305,4078,51.79,3,7,25191,1,synthetic_prototype
A0440,Odisha,Angul,1457013,325364,733876,723137,650758,806255,228640,131184,5469,266.41,21,39,176970,6,synthetic_prototype
A0441,Odisha,Balangir,198800,41884,100300,98500,147893,50907,28530,26776,11201,17.75,3,4,15388,1,synthetic_prototype
A0442,Odisha,Balasore,65643,15577,33934,31709,28312,37331,7616,7706,9630,6.82,1,1,6267,1,synthetic_prototype
A0443,Odisha,Bargarh,1214049,224231,605374,608675,592238,621811,191069,138840,6578,184.56,22,25,112913,5,synthetic_prototype
A0444,Odisha,Bhadrak,190053,54271,96522,93531,62056,127997,17081,13025,877,216.71,2,6,20829,1,synthetic_prototype
A0445,Odisha,Boudh,136030,24955,69920,66110,89736,46294,18840,16225,8731,15.58,2,3,5198,1,synthetic_prototype
A0446,Odisha,Cuttack,525578,122590,264425,261153,122757,402821,76345,54532,7259,72.4,8,17,70615,4,synthetic_prototype
A0447,Odisha,Deogarh,757387,165704,384157,373230,210002,547385,70618,86034,9639,78.58,16,28,26493,5,synthetic_prototype
A0448,Odisha,Dhenkanal,678870,125571,355943,322927,367826,311044,90530,60545,10872,62.44,9,18,41457,6,synthetic_prototype
A0449,Odisha,Gajapati,240812,62834,123126,117686,87160,153652,30138,25057,5882,40.94,4,4,28251,1,synthetic_prototype
A0450,Odisha,Ganjam,636102,134007,326745,309357,434806,201296,60659,69972,9156,69.47,11,17,44611,3,synthetic_prototype
A0451,Odisha,Jagatsinghpur,769232,175807,379538,389694,215418,553814,88384,84036,4368,176.11,13,25,109187,3,synthetic_prototype
A0452,Odisha,Jajpur,255710,57468,128651,127059,128279,127431,35536,13630,5243,48.77,3,12,24634,1,synthetic_prototype
A0453,Odisha,Jharsuguda,186559,41763,95279,91280,154978,31581,24091,13300,6608,28.23,4,8,24345,1,synthetic_prototype
A0454,Odisha,Kalahandi,428821,92147,218782,210039,122844,305977,60678,23831,2052,208.98,10,19,55789,3,synthetic_prototype
A0455,Odisha,Kandhamal,408780,92943,204592,204188,302822,105958,46493,21907,8790,46.51,7,13,27741,3,synthetic_prototype
A0456,Odisha,Kendrapara,247923,45572,122468,125455,100844,147079,35038,33956,13016,19.05,4,6,15922,1,synthetic_prototype
A0457,Odisha,Keonjhar,139922,38733,70139,69783,95209,44713,14753,18640,7438,18.81,2,3,13372,1,synthetic_prototype
A0458,Odisha,Khordha,50000,13516,26204,23796,19514,30486,6236,4816,535,93.46,1,1,5119,1,synthetic_prototype
A0459,Odisha,Koraput,701005,162539,347028,353977,387631,313374,88703,83399,13233,52.97,11,14,73479,5,synthetic_prototype
A0460,Odisha,Malkangiri,537585,110778,267755,269830,197177,340408,82092,63669,4724,113.8,11,12,46715,4,synthetic_prototype
A0461,Odisha,Mayurbhanj,283241,72288,144096,139145,107155,176086,26011,39262,2216,127.82,6,6,22959,1,synthetic_prototype
A0462,Odisha,Nabarangpur,495409,93996,243432,251977,81597,413812,57301,61182,1574,314.75,8,10,37926,2,synthetic_prototype
A0463,Odisha,Nayagarh,147469,29314,73885,73584,118967,28502,15716,16674,13962,10.56,3,3,17493,1,synthetic_prototype
A0464,Odisha,Nuapada,1831240,382659,918020,913220,771054,1060186,191106,253563,10849,168.79,26,58,231140,11,synthetic_prototype
A0465,Odisha,Puri,362089,84452,180592,181497,294516,67573,38416,42747,9240,39.19,6,8,20783,3,synthetic_prototype
A0466,Odisha,Rayagada,557848,129733,283929,273919,200797,357051,52126,45705,1143,488.06,9,11,26893,2,synthetic_prototype
A0467,Odisha,Sambalpur,183367,37548,92862,90505,117495,65872,22072,9289,10021,18.3,4,5,27043,1,synthetic_prototype
A0468,Odisha,Subarnapur,2673034,524575,1407077,1265957,1340157,1332877,367223,273682,13006,205.52,49,78,204022,10,synthetic_prototype
A0469,Odisha,Sundargarh,264399,61001,134637,129762,199375,65024,22606,26300,13202,20.03,5,5,25626,2,synthetic_prototype
A0470,Punjab,Amritsar,564406,108212,288131,276275,468621,95785,58286,52064,4782,118.03,12,23,37105,2,synthetic_prototype
A0471,Punjab,Barnala,94579,17270,47602,46977,25189,69390,14678,7648,7432,12.73,2,2,8062,1,synthetic_prototype
A0472,Punjab,Bathinda,376761,92714,185369,191392,315951,60810,33055,43267,3009,125.21,9,18,46318,3,synthetic_prototype
A0473,Punjab,Faridkot,4634671,922546,2276014,2358657,2084889,2549782,661275,236118,13431,345.07,87,128,404319,29,synthetic_prototype
A0474,Punjab,Fatehgarh Sahib,216199,40382,113668,102531,166732,49467,23104,22777,14442,14.97,3,6,13716,1,synthetic_prototype
A0475,Punjab,Fazilka,564478,156368,282893,281585,196317,368161,63445,78965,8804,64.12,13,22,46709,3,synthetic_prototype
A0476,Punjab,Ferozepur,148715,27371,74752,73963,49247,99468,12931,11494,14187,10.48,2,4,20693,1,synthetic_prototype
A0477,Punjab,Gurdaspur,463004,93228,231643,231361,74051,388953,53706,52023,14932,31.01,9,12,43521,2,synthetic_prototype
A0478,Punjab,Hoshiarpur,773233,164290,409116,364117,207546,565687,114643,73341,3640,212.43,13,18,70998,3,synthetic_prototype
A0479,Punjab,Jalandhar,91960,21074,45687,46273,63498,28462,10185,7469,11792,7.8,1,2,9120,1,synthetic_prototype
A0480,Punjab,Kapurthala,1716113,426713,857252,858861,1230427,485686,168094,163726,433,3963.31,28,48,143230,7,synthetic_prototype
A0481,Punjab,Ludhiana,1296713,262703,664913,631800,321085,975628,193778,132886,5769,224.77,30,38,100284,5,synthetic_prototype
A0482,Punjab,Malerkotla,546160,130158,288738,257422,175206,370954,85556,39480,13464,40.56,7,16,37422,3,synthetic_prototype
A0483,Punjab,Mansa,144171,34269,70941,73230,95950,48221,12102,12220,4939,29.19,2,4,7651,1,synthetic_prototype
A0484,Punjab,Moga,1120639,204994,567541,553098,932856,187783,129520,114180,3851,291.0,18,27,115290,9,synthetic_prototype
A0485,Punjab,Pathankot,279950,78622,145457,134493,158815,121135,27120,35202,12704,22.04,5,10,12892,1,synthetic_prototype
A0486,Punjab,Patiala,532686,116063,265258,267428,106998,425688,57437,56369,2146,248.22,10,19,29630,3,synthetic_prototype
A0487,Punjab,Rupnagar,167021,32747,84451,82570,67923,99098,26408,22701,3852,43.36,3,5,10357,1,synthetic_prototype
A0488,Punjab,Sahibzada Ajit Singh Nagar,893970,183398,468737,425233,620781,273189,131940,73637,4898,182.52,21,21,27873,5,synthetic_prototype
A0489,Punjab,Sangrur,1498961,341242,752723,746238,1028844,470117,217244,114599,10987,136.43,24,30,85469,7,synthetic_prototype
A0490,Punjab,Shahid Bhagat Singh Nagar,150741,32511,79380,71361,86943,63798,13944,17736,4337,34.76,2,5,15001,1,synthetic_prototype
A0491,Punjab,Sri Muktsar Sahib,3104436,753417,1527527,1576909,1592959,1511477,306186,292686,2971,1044.91,56,104,189286,18,synthetic_prototype
A0492,Punjab,Tarn Taran,1233182,332176,650022,583160,300031,933151,184257,140195,11705,105.36,19,28,53860,6,synthetic_prototype
A0493,Rajasthan,Ajmer,583383,122099,296553,286830,351479,231904,71345,30974,1497,389.7,10,20,55684,4,synthetic_prototype
A0494,Rajasthan,Alwar,1462240,385710,762997,699243,927280,534960,136088,86839,13193,110.83,26,42,62591,7,synthetic_prototype
A0495,Rajasthan,Anupgarh,517687,128939,255225,262462,304523,213164,46069,28181,2294,225.67,10,16,74111,2,synthetic_prototype
A0496,Rajasthan,Balotra,527650,130277,273541,254109,387549,140101,46960,61330,9694,54.43,10,10,32517,3,synthetic_prototype
A0497,Rajasthan,Banswara,1302838,253289,689172,613666,958191,344647,205911,72795,9800,132.94,21,54,140735,5,synthetic_prototype
A0498,Rajasthan,Baran,1135732,220411,576458,559274,895266,240466,94488,93818,10612,107.02,21,52,92252,6,synthetic_prototype
A0499,Rajasthan,Barmer,540613,128103,276260,264353,199030,341583,46105,74351,7324,73.81,10,13,59179,2,synthetic_prototype
A0500,Rajasthan,Beawar,813340,227215,408806,404534,274665,538675,73216,88650,9085,89.53,12,17,68226,4,synthetic_prototype
A0501,Rajasthan,Bharatpur,554978,105624,277370,277608,402293,152685,63103,69647,3874,143.26,9,21,23434,2,synthetic_prototype
A0502,Rajasthan,Bhilwara,252317,57658,131306,121011,182767,69550,21169,31775,5333,47.31,4,11,30479,1,synthetic_prototype
A0503,Rajasthan,Bikaner,269691,76291,132763,136928,75236,194455,34257,33881,1020,264.4,4,6,18664,1,synthetic_prototype
A0504,Rajasthan,Bundi,268989,56613,134755,134234,152635,116354,22091,31248,8837,30.44,4,6,14715,1,synthetic_prototype
A0505,Rajasthan,Chittorgarh,1035173,201957,533252,501921,852892,182281,98059,61601,8807,117.54,17,23,118416,4,synthetic_prototype
A0506,Rajasthan,Churu,671776,140512,349256,322520,127200,544576,99468,50888,4918,136.6,9,31,66892,5,synthetic_prototype
A0507,Rajasthan,Dausa,190012,50155,96863,93149,59809,130203,29107,13121,11456,16.59,3,4,9043,1,synthetic_prototype
A0508,Rajasthan,Deeg,769417,153586,381838,387579,240839,528578,103620,79582,4849,158.68,14,23,113943,5,synthetic_prototype
A0509,Rajasthan,Dholpur,169603,32051,84817,84786,92470,77133,25987,12535,1821,93.14,2,3,8522,1,synthetic_prototype
A0510,Rajasthan,Didwana-Kuchamana,114403,29511,60385,54018,53428,60975,15346,8825,4764,24.01,2,4,4868,1,synthetic_prototype
A0511,Rajasthan,Dudu,291434,76019,150303,141131,70300,221134,27911,17131,13878,21.0,4,9,31678,1,synthetic_prototype
A0512,Rajasthan,Dungarpur,624092,174424,322847,301245,389425,234667,81318,46151,6996,89.21,9,16,81061,2,synthetic_prototype
A0513,Rajasthan,Hanumangarh,730023,183090,386326,343697,454078,275945,115962,81617,12038,60.64,16,16,101636,4,synthetic_prototype
A0514,Rajasthan,Jaipur,183785,36579,93216,90569,108698,75087,21139,14322,14061,13.07,2,7,24805,1,synthetic_prototype
A0515,Rajasthan,Jaisalmer,400121,99673,210659,189462,135080,265041,52277,45971,10875,36.79,9,12,42096,3,synthetic_prototype
A0516,Rajasthan,Jalore,417737,89030,208618,209119,303319,114418,55217,36120,1879,222.32,10,8,26048,1,synthetic_prototype
A0517,Rajasthan,Jhalawar,1037649,275129,546459,491190,856905,180744,124756,126136,14668,70.74,15,41,68413,9,synthetic_prototype
A0518,Rajasthan,Jhunjhunu,129419,30928,67639,61780,44028,85391,14270,7500,14726,8.79,2,3,6468,1,synthetic_prototype
A0519,Rajasthan,Jodhpur,251099,46868,123607,127492,49980,201119,22506,25679,7602,33.03,3,7,28883,1,synthetic_prototype
A0520,Rajasthan,Karauli,1016236,240638,512638,503598,276187,740049,133110,57277,8161,124.52,14,29,130003,6,synthetic_prototype
A0521,Rajasthan,Kekri,674535,155610,341609,332926,519808,154727,86572,71974,2421,278.62,15,32,90943,4,synthetic_prototype
A0522,Rajasthan,Khairthal-Tijara,1639975,428749,851870,788105,488802,1151173,173183,156689,14408,113.82,25,35,129251,7,synthetic_prototype
A0523,Rajasthan,Kota,467831,94776,238930,228901,219308,248523,37705,41188,6807,68.73,7,17,59684,2,synthetic_prototype
A0524,Rajasthan,Kotputli-Behror,324600,74943,162127,162473,96579,228021,42276,40475,4097,79.23,4,8,27191,1,synthetic_prototype
A0525,Rajasthan,Nagaur,746553,161183,395543,351010,299457,447096,88402,69974,13776,54.19,11,22,86782,3,synthetic_prototype
A0526,Rajasthan,Neem Ka Thana,130571,24498,64984,65587,64587,65984,15291,9417,5230,24.97,1,3,13812,1,synthetic_prototype
A0527,Rajasthan,Pali,322772,81902,166201,156571,70816,251956,37360,38738,2719,118.71,6,6,37199,1,synthetic_prototype
A0528,Rajasthan,Phalodi,172642,42409,85176,87466,88408,84234,27409,18986,8911,19.37,3,3,8800,1,synthetic_prototype
A0529,Rajasthan,Pratapgarh,1007298,275424,520709,486589,698838,308460,130102,131273,5164,195.06,21,20,77286,4,synthetic_prototype
A0530,Rajasthan,Rajsamand,168948,39087,84217,84731,106320,62628,16746,12724,3744,45.12,4,3,24644,1,synthetic_prototype
A0531,Rajasthan,Salumbar,1145447,319090,568584,576863,289369,856078,164035,120805,9451,121.2,23,36,140165,5,synthetic_prototype
A0532,Rajasthan,Sawai Madhopur,749302,167713,395546,353756,322386,426916,84309,89515,13493,55.53,11,33,106685,3,synthetic_prototype
A0533,Rajasthan,Sikar,240782,66889,126171,114611,171818,68964,24832,32674,2503,96.2,4,6,25864,2,synthetic_prototype
A0534,Rajasthan,Sirohi,800130,172675,393490,406640,657912,142218,73167,41015,14004,57.14,13,17,25279,4,synthetic_prototype
A0535,Rajasthan,Sri Ganganagar,408024,91268,211102,196922,81828,326196,49068,48499,2495,163.54,6,16,54955,2,synthetic_prototype
A0536,Rajasthan,Tonk,50000,10518,26424,23576,13002,36998,6073,2828,4022,12.43,1,1,7373,1,synthetic_prototype
A0537,Rajasthan,Udaipur,2200816,507571,1126546,1074270,534202,1666614,272240,127763,12843,171.36,33,95,89983,15,synthetic_prototype
A0538,Sikkim,Gangtok,332669,70090,164723,167946,253605,79064,45775,19662,5534,60.11,5,12,35497,2,synthetic_prototype
A0539,Sikkim,Gyalshing,866263,198908,454496,411767,206830,659433,110436,53223,2664,325.17,14,20,36985,4,synthetic_prototype
A0540,Sikkim,Mangan,649658,142114,342659,306999,467908,181750,78661,88044,6094,106.61,9,18,56278,3,synthetic_prototype
A0541,Sikkim,Namchi,584834,147066,294365,290469,252919,331915,69802,59389,11971,48.85,10,19,25041,4,synthetic_prototype
A0542,Sikkim,Pakyong,592178,143936,297394,294784,482327,109851,55373,54160,816,725.71,11,16,56970,3,synthetic_prototype
A0543,Sikkim,Soreng,734555,146353,367519,367036,304211,430344,73071,66990,3328,220.72,11,35,58964,3,synthetic_prototype
A0544,Tamil Nadu,Ariyalur,417735,115890,214109,203626,161710,256025,40268,48782,12832,32.55,9,9,30203,2,synthetic_prototype
A0545,Tamil Nadu,Chengalpattu,828694,212924,411977,416717,197764,630930,98981,47545,14173,58.47,11,26,116675,4,synthetic_prototype
A0546,Tamil Nadu,Chennai,334533,83008,173320,161213,113346,221187,44396,46507,10179,32.87,8,14,10193,1,synthetic_prototype
A0547,Tamil Nadu,Coimbatore,796399,187302,399794,396605,403621,392778,73349,60224,11417,69.76,14,35,25614,6,synthetic_prototype
A0548,Tamil Nadu,Cuddalore,822199,185482,433568,388631,359587,462612,107701,100443,5616,146.4,19,17,101935,6,synthetic_prototype
A0549,Tamil Nadu,Dharmapuri,50000,13886,26392,23608,29378,20622,6319,4930,1224,40.85,1,2,5960,1,synthetic_prototype
A0550,Tamil Nadu,Dindigul,5660425,1415830,2962910,2697515,1388159,4272266,522926,436451,5772,980.67,118,163,446544,22,synthetic_prototype
A0551,Tamil Nadu,Erode,512438,110840,268239,244199,96418,416020,61981,49927,2810,182.36,11,17,51868,3,synthetic_prototype
A0552,Tamil Nadu,Kallakurichi,262463,51705,138791,123672,60742,201721,21458,32084,4669,56.21,5,10,29839,1,synthetic_prototype
A0553,Tamil Nadu,Kancheepuram,188643,38447,98790,89853,60443,128200,18250,10663,6217,30.34,2,4,7706,1,synthetic_prototype
A0554,Tamil Nadu,Karur,711667,158393,358316,353351,235554,476113,79835,38864,2112,336.96,13,23,87350,3,synthetic_prototype
A0555,Tamil Nadu,Krishnagiri,298977,77040,148309,150668,122983,175994,43015,33978,5690,52.54,6,7,13323,1,synthetic_prototype
A0556,Tamil Nadu,Madurai,159889,34696,80841,79048,111359,48530,20191,21108,2865,55.81,3,3,17156,1,synthetic_prototype
A0557,Tamil Nadu,Mayiladuthurai,2335491,472750,1201069,1134422,1587780,747711,218001,284387,1566,1491.37,43,92,164645,22,synthetic_prototype
A0558,Tamil Nadu,Nagapattinam,600335,116060,307368,292967,258282,342053,77783,65865,3467,173.16,13,13,29292,2,synthetic_prototype
A0559,Tamil Nadu,Namakkal,443808,105668,219194,224614,371465,72343,46264,47682,13947,31.82,10,12,44781,2,synthetic_prototype
A0560,Tamil Nadu,Nilgiris,1513583,293686,763727,749856,497917,1015666,223245,102234,8571,176.59,24,36,83097,8,synthetic_prototype
A0561,Tamil Nadu,Perambalur,363778,67323,184831,178947,300703,63075,33257,30938,4999,72.77,5,7,26200,3,synthetic_prototype
A0562,Tamil Nadu,Pudukkottai,1277083,285666,641683,635400,839286,437797,182155,114731,11735,108.83,24,38,95963,8,synthetic_prototype
A0563,Tamil Nadu,Ramanathapuram,1755860,433006,897192,858668,708029,1047831,234685,130371,14021,125.23,28,47,189152,16,synthetic_prototype
A0564,Tamil Nadu,Ranipet,496741,135612,253526,243215,289437,207304,61426,40905,3142,158.1,7,15,42720,4,synthetic_prototype
A0565,Tamil Nadu,Salem,901135,203811,468400,432735,288531,612604,84219,60460,4508,199.9,19,22,97427,4,synthetic_prototype
A0566,Tamil Nadu,Sivaganga,8000000,1704841,3943387,4056613,3539167,4460833,815146,1105603,10733,745.36,198,225,276027,43,synthetic_prototype
A0567,Tamil Nadu,Tenkasi,53919,13545,27873,26046,43755,10164,4593,4955,7206,7.48,1,1,3925,1,synthetic_prototype
A0568,Tamil Nadu,Thanjavur,3409846,634856,1784059,1625787,1713800,1696046,453922,274332,13709,248.73,73,160,405625,15,synthetic_prototype
A0569,Tamil Nadu,Theni,905039,196129,452398,452641,153393,751646,105680,96445,11216,80.69,18,24,36723,5,synthetic_prototype
A0570,Tamil Nadu,Thoothukudi,4849382,1078508,2510699,2338683,3273878,1575504,772270,363753,5144,942.73,91,106,543640,20,synthetic_prototype
A0571,Tamil Nadu,Tiruchirappalli,622600,137616,327203,295397,119435,503165,66198,48757,14128,44.07,15,20,82674,3,synthetic_prototype
A0572,Tamil Nadu,Tirunelveli,337285,67136,171000,166285,97613,239672,37386,44652,7725,43.66,4,9,12475,2,synthetic_prototype
A0573,Tamil Nadu,Tirupathur,136090,27532,70858,65232,110681,25409,13808,14040,14136,9.63,2,3,16733,1,synthetic_prototype
A0574,Tamil Nadu,Tiruppur,355162,87960,175659,179503,190683,164479,31996,34684,609,583.19,5,16,36025,1,synthetic_prototype
A0575,Tamil Nadu,Tiruvallur,434953,99744,222725,212228,84607,350346,64063,60770,5008,86.85,6,16,45170,2,synthetic_prototype
A0576,Tamil Nadu,Tiruvannamalai,733088,135817,369396,363692,131045,602043,74201,81921,4240,172.9,11,33,69331,6,synthetic_prototype
A0577,Tamil Nadu,Tiruvarur,1237704,272966,654445,583259,746662,491042,169709,164886,2020,612.72,22,51,125130,7,synthetic_prototype
A0578,Tamil Nadu,Vellore,730646,135279,358310,372336,428014,302632,69840,68841,5939,123.03,13,17,74858,5,synthetic_prototype
A0579,Tamil Nadu,Viluppuram,111235,28206,55086,56149,91904,19331,12207,5820,11772,9.45,2,4,9670,1,synthetic_prototype
A0580,Tamil Nadu,Virudhunagar,286027,54909,149393,136634,59875,226152,40535,37859,10342,27.66,6,6,37601,1,synthetic_prototype
A0581,Telangana,Adilabad,90923,23010,47196,43727,67440,23483,14407,5820,3413,26.64,1,3,3454,1,synthetic_prototype
A0582,Telangana,Bhadradri Kothagudem,465202,100928,243491,221711,77861,387341,50813,58497,13553,34.32,6,22,18165,3,synthetic_prototype
A0583,Telangana,Hanamkonda,933420,171753,480038,453382,440536,492884,88749,114294,4248,219.73,17,41,90631,5,synthetic_prototype
A0584,Telangana,Hyderabad,612667,131155,311040,301627,153844,458823,65388,59407,424,1444.97,9,14,45309,5,synthetic_prototype
A0585,Telangana,Jagtial,205639,42018,105508,100131,57305,148334,18998,16874,8533,24.1,3,6,20040,2,synthetic_prototype
A0586,Telangana,Jangaon,143191,26814,75211,67980,29347,113844,12347,16268,4279,33.46,2,3,19446,1,synthetic_prototype
A0587,Telangana,Jayashankar Bhupalpally,305914,78800,154918,150996,189179,116735,35992,16648,11920,25.66,5,10,23274,1,synthetic_prototype
A0588,Telangana,Jogulamba Gadwal,547878,102569,274428,273450,369433,178445,48980,39819,8849,61.91,9,14,40501,2,synthetic_prototype
A0589,Telangana,Kamareddy,158598,30272,81118,77480,38118,120480,24570,12331,11532,13.75,3,7,6696,1,synthetic_prototype
A0590,Telangana,Karimnagar,470867,126357,237717,233150,136442,334425,56568,54287,6273,75.06,8,12,60366,3,synthetic_prototype
A0591,Telangana,Khammam,806301,166883,417648,388653,434684,371617,91080,50358,8012,100.64,13,26,111933,4,synthetic_prototype
A0592,Telangana,Komaram Bheem,1153062,256852,585746,567316,241891,911171,162014,140064,13452,85.72,24,35,158928,4,synthetic_prototype
A0593,Telangana,Mahabubabad,1003870,252308,526630,477240,212962,790908,106058,66305,6444,155.78,21,33,46376,6,synthetic_prototype
A0594,Telangana,Mahbubnagar,675960,127852,343167,332793,372182,303778,72826,79209,11424,59.17,13,15,32606,5,synthetic_prototype
A0595,Telangana,Mancherial,1318633,276584,649466,669167,425184,893449,119384,167844,4022,327.86,23,36,143272,9,synthetic_prototype
A0596,Telangana,Medak,255785,60251,128499,127286,193138,62647,34666,13160,5470,46.76,4,11,31926,1,synthetic_prototype
A0597,Telangana,Medchal-Malkajgiri,1235386,241393,641950,593436,671202,564184,164243,101298,4632,266.71,21,29,93240,8,synthetic_prototype
A0598,Telangana,Mulugu,805789,167074,421200,384589,379963,425826,124408,79819,13578,59.35,18,29,92720,3,synthetic_prototype
A0599,Telangana,Nagarkurnool,342045,67805,173591,168454,72697,269348,33677,26066,1410,242.59,5,10,34727,3,synthetic_prototype
A0600,Telangana,Nalgonda,1305520,295415,644389,661131,504128,801392,204866,160126,3586,364.06,19,43,64385,7,synthetic_prototype
A0601,Telangana,Narayanpet,1308246,238484,693085,615161,633160,675086,175741,74134,6296,207.79,26,35,87020,11,synthetic_prototype
A0602,Telangana,Nirmal,545961,99294,277339,268622,82440,463521,80228,55419,4516,120.89,11,22,27127,3,synthetic_prototype
A0603,Telangana,Nizamabad,312641,71712,164074,148567,71591,241050,40921,20267,4522,69.14,5,9,46493,2,synthetic_prototype
A0604,Telangana,Peddapalli,956276,192856,487008,469268,381086,575190,114992,75004,13158,72.68,14,21,126295,5,synthetic_prototype
A0605,Telangana,Rajanna Sircilla,257921,47558,129650,128271,110631,147290,30277,19525,4898,52.66,6,7,9504,2,synthetic_prototype
A0606,Telangana,Rangareddy,1082637,217442,550601,532036,328658,753979,124135,132051,6566,164.89,21,36,133033,10,synthetic_prototype
A0607,Telangana,Sangareddy,147824,33111,77947,69877,46549,101275,21990,16834,7948,18.6,2,3,8253,1,synthetic_prototype
A0608,Telangana,Siddipet,413382,77079,206088,207294,119082,294300,55429,35736,1608,257.08,7,8,57250,3,synthetic_prototype
A0609,Telangana,Suryapet,1708311,456485,903219,805092,446853,1261458,261678,111083,1555,1098.59,25,66,136586,10,synthetic_prototype
A0610,Telangana,Vikarabad,97486,18335,48047,49439,55499,41987,9567,13046,11784,8.27,2,3,10270,1,synthetic_prototype
A0611,Telangana,Wanaparthy,562208,123163,295923,266285,112629,449579,88053,32042,4759,118.14,10,22,55865,2,synthetic_prototype
A0612,Telangana,Warangal,920851,176684,454271,466580,462406,458445,119342,74239,6689,137.67,20,35,112575,6,synthetic_prototype
A0613,Telangana,Yadadri Bhuvanagiri,217633,55607,110692,106941,81651,135982,33832,29131,5565,39.11,4,6,18557,1,synthetic_prototype
A0614,Tripura,Dhalai,842893,164839,425949,416944,675160,167733,100590,110133,353,2387.8,16,25,48521,6,synthetic_prototype
A0615,Tripura,Gomati,492405,94639,242309,250096,164343,328062,48491,60158,7401,66.53,9,9,26623,3,synthetic_prototype
A0616,Tripura,Khowai,313280,66222,155672,157608,110997,202283,34570,41345,6355,49.3,4,14,17303,1,synthetic_prototype
A0617,Tripura,North Tripura,284404,68677,146742,137662,122898,161506,38635,30554,1674,169.89,5,11,40873,1,synthetic_prototype
A0618,Tripura,Sepahijala,494294,96467,257355,236939,183917,310377,59234,38507,13047,37.89,8,23,48420,2,synthetic_prototype
A0619,Tripura,South Tripura,304562,69320,149480,155082,233826,70736,42705,28214,404,753.87,4,9,28900,1,synthetic_prototype
A0620,Tripura,Unakoti,268284,49614,141718,126566,172195,96089,32866,23065,9739,27.55,5,11,35173,1,synthetic_prototype
A0621,Tripura,West Tripura,302924,65950,155723,147201,87621,215303,25704,26415,6709,45.15,4,6,37123,2,synthetic_prototype
A0622,Uttar Pradesh,Agra,3550717,684796,1816064,1734653,1015114,2535603,549600,444358,4757,746.42,67,104,173575,33,synthetic_prototype
A0623,Uttar Pradesh,Aligarh,352531,84111,180915,171616,282009,70522,47014,46548,9436,37.36,8,13,45740,1,synthetic_prototype
A0624,Uttar Pradesh,Ambedkar Nagar,383940,96407,193917,190023,151829,232111,47103,19205,3361,114.23,8,8,24403,2,synthetic_prototype
A0625,Uttar Pradesh,Amethi,1354079,294276,667752,686327,431876,922203,146934,158818,12306,110.03,19,30,138734,7,synthetic_prototype
A0626,Uttar Pradesh,Amroha,448221,92733,237276,210945,79805,368416,49608,28551,4479,100.07,7,11,37420,1,synthetic_prototype
A0627,Uttar Pradesh,Auraiya,307047,64073,158603,148444,161624,145423,43821,26262,2513,122.18,4,9,36091,2,synthetic_prototype
A0628,Uttar Pradesh,Ayodhya,83185,15520,42381,40804,24425,58760,12499,8106,7411,11.22,1,3,10507,1,synthetic_prototype
A0629,Uttar Pradesh,Azamgarh,456567,127940,237935,218632,284882,171685,41310,47522,7614,59.96,10,17,33697,2,synthetic_prototype
A0630,Uttar Pradesh,Baghpat,882111,189784,434860,447251,517111,365000,106113,58604,9669,91.23,15,20,61988,4,synthetic_prototype
A0631,Uttar Pradesh,Bahraich,232270,56380,113982,118288,140214,92056,30733,24544,1561,148.8,5,4,26179,1,synthetic_prototype
A0632,Uttar Pradesh,Ballia,50000,12584,25684,24316,19985,30015,7342,2696,13379,3.74,1,1,7254,1,synthetic_prototype
A0633,Uttar Pradesh,Balrampur,366516,74183,183180,183336,62210,304306,55167,32045,13798,26.56,7,14,33739,1,synthetic_prototype
A0634,Uttar Pradesh,Banda,398878,75048,196500,202378,284424,114454,54010,40474,2100,189.94,7,8,31592,2,synthetic_prototype
A0635,Uttar Pradesh,Barabanki,373851,77200,197320,176531,140999,232852,38362,34199,2684,139.29,6,8,50104,1,synthetic_prototype
A0636,Uttar Pradesh,Bareilly,319332,63242,158085,161247,197454,121878,49707,19776,4192,76.18,4,7,38465,2,synthetic_prototype
A0637,Uttar Pradesh,Basti,3558013,880544,1758221,1799792,2451405,1106608,558569,462968,12394,287.08,64,105,240991,19,synthetic_prototype
A0638,Uttar Pradesh,Bhadohi,161472,32804,81775,79697,106720,54752,21045,18236,1063,151.9,2,4,9928,1,synthetic_prototype
A0639,Uttar Pradesh,Bijnor,1215024,221583,631799,583225,504044,710980,106612,112809,11625,104.52,26,34,70513,7,synthetic_prototype
A0640,Uttar Pradesh,Budaun,423216,90331,220431,202785,294583,128633,41580,56287,5884,71.93,7,11,41131,2,synthetic_prototype
A0641,Uttar Pradesh,Bulandshahr,118306,22051,60533,57773,85051,33255,10705,14072,14225,8.32,2,4,10908,1,synthetic_prototype
A0642,Uttar Pradesh,Chandauli,451398,105804,224499,226899,362829,88569,45239,39089,11981,37.68,8,17,28016,2,synthetic_prototype
A0643,Uttar Pradesh,Chitrakoot,616397,114313,319656,296741,336567,279830,95551,81427,3897,158.17,14,21,84699,2,synthetic_prototype
A0644,Uttar Pradesh,Deoria,155257,44124,76759,78498,116679,38578,24188,13678,6803,22.82,3,4,10965,1,synthetic_prototype
A0645,Uttar Pradesh,Etah,1171418,313253,594332,577086,718467,452951,170504,154044,8119,144.28,24,54,129120,5,synthetic_prototype
A0646,Uttar Pradesh,Etawah,596478,147988,311657,284821,157489,438989,88440,78908,13588,43.9,12,16,21509,5,synthetic_prototype
A0647,Uttar Pradesh,Farrukhabad,286681,56082,142657,144024,94434,192247,38299,14344,1464,195.82,6,9,25280,1,synthetic_prototype
A0648,Uttar Pradesh,Fatehpur,2476000,567844,1308706,1167294,927258,1548742,325164,129021,13162,188.12,50,108,299611,12,synthetic_prototype
A0649,Uttar Pradesh,Firozabad,236063,51432,121549,114514,58626,177437,22809,22512,4467,52.85,3,5,27544,2,synthetic_prototype
A0650,Uttar Pradesh,Gautam Buddha Nagar,488421,127958,248953,239468,109548,378873,45353,67423,7465,65.43,9,12,22215,2,synthetic_prototype
A0651,Uttar Pradesh,Ghaziabad,782634,154104,412095,370539,139629,643005,114765,60091,758,1032.5,11,21,51961,5,synthetic_prototype
A0652,Uttar Pradesh,Ghazipur,317606,72422,168195,149411,62404,255202,26406,34600,14249,22.29,6,8,27912,1,synthetic_prototype
A0653,Uttar Pradesh,Gonda,888763,165063,455881,432882,250984,637779,86405,113358,7921,112.2,17,32,31972,6,synthetic_prototype
A0654,Uttar Pradesh,Gorakhpur,191742,39229,98046,93696,116572,75170,29820,16425,7493,25.59,3,6,16220,1,synthetic_prototype
A0655,Uttar Pradesh,Hamirpur,595681,155251,292889,302792,226671,369010,71305,58973,11478,51.9,8,12,31959,2,synthetic_prototype
A0656,Uttar Pradesh,Hapur,508641,114038,258467,250174,327130,181511,62689,64324,5786,87.91,9,13,26799,2,synthetic_prototype
A0657,Uttar Pradesh,Hardoi,1333366,292750,685572,647794,292870,1040496,119572,76112,6220,214.37,23,58,108959,10,synthetic_prototype
A0658,Uttar Pradesh,Hathras,1870922,507096,958746,912176,1573389,297533,252565,148340,14645,127.75,38,57,202029,18,synthetic_prototype
A0659,Uttar Pradesh,Jalaun,519483,106625,255826,263657,179092,340391,48311,67820,3973,130.75,12,12,51267,3,synthetic_prototype
A0660,Uttar Pradesh,Jaunpur,1727407,448510,861410,865997,698784,1028623,230727,237276,9077,190.31,32,51,104504,7,synthetic_prototype
A0661,Uttar Pradesh,Jhansi,8000000,2055251,3978178,4021822,2906661,5093339,694982,914165,10444,765.99,154,246,690410,51,synthetic_prototype
A0662,Uttar Pradesh,Kannauj,163676,40191,82228,81448,36079,127597,21785,17991,7063,23.17,3,6,5362,1,synthetic_prototype
A0663,Uttar Pradesh,Kanpur Dehat,229318,60852,113534,115784,79280,150038,30072,13016,9777,23.45,4,5,22218,1,synthetic_prototype
A0664,Uttar Pradesh,Kanpur Nagar,220197,54561,108920,111277,133346,86851,27065,19673,9178,23.99,3,4,22665,1,synthetic_prototype
A0665,Uttar Pradesh,Kasganj,211635,49832,106810,104825,102773,108862,32402,17596,5937,35.65,3,5,21946,1,synthetic_prototype
A0666,Uttar Pradesh,Kaushambi,192108,44712,94427,97681,138804,53304,28751,18470,7608,25.25,3,9,25855,1,synthetic_prototype
A0667,Uttar Pradesh,Kheri,181000,41687,92283,88717,82830,98170,20324,20105,14432,12.54,3,4,7805,1,synthetic_prototype
A0668,Uttar Pradesh,Kushinagar,300149,82342,153910,146239,115795,184354,44688,17123,12799,23.45,6,7,28557,1,synthetic_prototype
A0669,Uttar Pradesh,Lalitpur,842495,162836,423840,418655,371117,471378,108290,112675,14933,56.42,20,36,86891,3,synthetic_prototype
A0670,Uttar Pradesh,Lucknow,480214,113291,239899,240315,167916,312298,68650,26447,7735,62.08,8,11,34854,2,synthetic_prototype
A0671,Uttar Pradesh,Maharajganj,1535804,388893,768482,767322,918930,616874,133264,93276,7652,200.71,23,37,191491,10,synthetic_prototype
A0672,Uttar Pradesh,Mahoba,4120557,880116,2083960,2036597,1785262,2335295,392894,228730,14841,277.65,91,192,509069,29,synthetic_prototype
A0673,Uttar Pradesh,Mainpuri,752302,158007,380933,371369,610847,141455,100024,69089,6909,108.89,16,21,70287,3,synthetic_prototype
A0674,Uttar Pradesh,Mathura,1043550,231868,539047,504503,693819,349731,92950,119857,13443,77.63,15,48,134072,9,synthetic_prototype
A0675,Uttar Pradesh,Mau,878400,188433,456638,421762,222824,655576,70859,57248,10801,81.33,13,21,97162,5,synthetic_prototype
A0676,Uttar Pradesh,Meerut,51342,11843,25404,25938,7747,43595,6302,5686,11040,4.65,1,2,2723,1,synthetic_prototype
A0677,Uttar Pradesh,Mirzapur,757491,137854,401173,356318,175957,581534,73289,38677,4431,170.95,12,29,75466,3,synthetic_prototype
A0678,Uttar Pradesh,Moradabad,601023,144030,310614,290409,224858,376165,57116,63847,3404,176.56,12,23,83079,3,synthetic_prototype
A0679,Uttar Pradesh,Muzaffarnagar,320885,61447,166788,154097,120131,200754,50602,28694,8618,37.23,7,7,29396,1,synthetic_prototype
A0680,Uttar Pradesh,Pilibhit,90614,20238,45997,44617,70024,20590,13781,10652,9167,9.88,1,1,9974,1,synthetic_prototype
A0681,Uttar Pradesh,Pratapgarh,1291759,295151,634196,657563,244702,1047057,149846,103265,4161,310.44,28,31,118516,9,synthetic_prototype
A0682,Uttar Pradesh,Prayagraj,98072,26894,50376,47696,36650,61422,8412,6205,12241,8.01,1,2,11372,1,synthetic_prototype
A0683,Uttar Pradesh,Raebareli,4000836,949184,2059864,1940972,707560,3293276,569039,380208,4378,913.85,67,98,538176,26,synthetic_prototype
A0684,Uttar Pradesh,Rampur,309869,68324,158793,151076,213450,96419,46674,30213,8794,35.24,4,6,12031,2,synthetic_prototype
A0685,Uttar Pradesh,Saharanpur,464784,93060,236713,228071,269775,195009,40665,55368,4882,95.2,9,10,17979,2,synthetic_prototype
A0686,Uttar Pradesh,Sambhal,911135,210479,468067,443068,300367,610768,141116,101164,10436,87.31,18,32,136307,4,synthetic_prototype
A0687,Uttar Pradesh,Sant Kabir Nagar,116242,25409,57102,59140,21436,94806,14452,13784,12659,9.18,2,3,6794,1,synthetic_prototype
A0688,Uttar Pradesh,Shahjahanpur,1683957,386957,889407,794550,337908,1346049,164792,223979,14787,113.88,29,35,51599,7,synthetic_prototype
A0689,Uttar Pradesh,Shamli,375981,107374,192387,183594,302129,73852,45943,23574,12209,30.8,8,9,52544,2,synthetic_prototype
A0690,Uttar Pradesh,Shravasti,185128,37234,91295,93833,113981,71147,23751,11987,4728,39.16,3,4,9358,1,synthetic_prototype
A0691,Uttar Pradesh,Siddharthnagar,1252878,313657,648395,604483,326748,926130,113078,110606,11301,110.86,26,26,171667,9,synthetic_prototype
A0692,Uttar Pradesh,Sitapur,124834,25905,61606,63228,72365,52469,13896,14255,9483,13.16,2,3,5287,1,synthetic_prototype
A0693,Uttar Pradesh,Sonbhadra,2866502,685422,1441786,1424716,929493,1937009,305962,149966,12108,236.74,42,80,242678,27,synthetic_prototype
A0694,Uttar Pradesh,Sultanpur,458083,109487,224699,233384,350636,107447,71268,43073,13886,32.99,11,12,43917,3,synthetic_prototype
A0695,Uttar Pradesh,Unnao,2934922,739804,1438195,1496727,1934089,1000833,454761,190204,4173,703.31,71,123,435430,19,synthetic_prototype
A0696,Uttar Pradesh,Varanasi,182824,45547,90366,92458,42179,140645,25148,23202,607,301.19,3,8,7753,1,synthetic_prototype
A0697,Uttarakhand,Almora,485229,115287,256017,229212,158886,326343,73985,49014,5902,82.21,9,11,40854,2,synthetic_prototype
A0698,Uttarakhand,Bageshwar,92538,23721,46587,45951,75035,17503,11553,5418,6377,14.51,2,1,4533,1,synthetic_prototype
A0699,Uttarakhand,Chamoli,2172524,597753,1140062,1032462,908437,1264087,272576,194561,7130,304.7,33,56,282122,12,synthetic_prototype
A0700,Uttarakhand,Champawat,1063115,209253,521506,541609,247624,815491,110837,119939,4647,228.77,19,32,84265,7,synthetic_prototype
A0701,Uttarakhand,Dehradun,328134,79398,163386,164748,61929,266205,26492,34930,14605,22.47,7,10,23934,3,synthetic_prototype
A0702,Uttarakhand,Haridwar,309203,67643,151905,157298,228020,81183,47992,40285,8290,37.3,5,9,33290,2,synthetic_prototype
A0703,Uttarakhand,Nainital,415287,105938,218238,197049,222068,193219,36700,51511,6093,68.16,8,12,19958,2,synthetic_prototype
A0704,Uttarakhand,Pauri Garhwal,228719,46562,116111,112608,162653,66066,27274,28907,7509,30.46,4,4,22698,1,synthetic_prototype
A0705,Uttarakhand,Pithoragarh,1013909,236367,537051,476858,183418,830491,91685,123338,7535,134.56,15,31,95813,9,synthetic_prototype
A0706,Uttarakhand,Rudraprayag,235236,63107,117569,117667,35671,199565,31626,14329,6341,37.1,3,5,12094,2,synthetic_prototype
A0707,Uttarakhand,Tehri Garhwal,241613,60027,125824,115789,175232,66381,30863,19413,2091,115.55,4,6,17666,1,synthetic_prototype
A0708,Uttarakhand,Udham Singh Nagar,727804,170733,375285,352519,294367,433437,110699,47127,2370,307.09,12,17,103224,5,synthetic_prototype
A0709,Uttarakhand,Uttarkashi,242707,63859,124069,118638,188253,54454,32413,30299,867,279.94,3,8,11037,1,synthetic_prototype
A0710,West Bengal,Alipurduar,508720,117198,249903,258817,289367,219353,51885,26937,13457,37.8,7,13,25128,2,synthetic_prototype
A0711,West Bengal,Bankura,132032,33848,68696,63336,104992,27040,18291,15028,3401,38.82,2,4,10911,1,synthetic_prototype
A0712,West Bengal,Paschim Bardhaman,468242,97356,237928,230314,327191,141051,67134,58753,3657,128.04,9,15,20610,3,synthetic_prototype
A0713,West Bengal,Purba Bardhaman,354477,96024,175175,179302,278585,75892,48783,39650,13861,25.57,6,11,42815,2,synthetic_prototype
A0714,West Bengal,Birbhum,104717,21937,51477,53240,66543,38174,15409,9459,3552,29.48,1,2,9087,1,synthetic_prototype
A0715,West Bengal,Cooch Behar,1152339,290982,603448,548891,574450,577889,166061,100190,6269,183.82,17,42,107089,5,synthetic_prototype
A0716,West Bengal,Dakshin Dinajpur,397881,78188,205182,192699,158131,239750,39649,23807,1754,226.84,8,8,28478,1,synthetic_prototype
A0717,West Bengal,Darjeeling,175274,46682,86102,89172,113098,62176,26223,10950,2882,60.82,2,4,22113,1,synthetic_prototype
A0718,West Bengal,Hooghly,394878,82895,197193,197685,152193,242685,46774,39355,4079,96.81,5,15,57604,3,synthetic_prototype
A0719,West Bengal,Howrah,55430,11163,28425,27005,25740,29690,6365,4841,10382,5.34,1,2,5717,1,synthetic_prototype
A0720,West Bengal,Jalpaiguri,349663,89027,178133,171530,142947,206716,36750,21946,1851,188.9,5,8,50376,1,synthetic_prototype
A0721,West Bengal,Jhargram,372624,101641,197134,175490,208708,163916,45677,48992,3108,119.89,7,9,47676,1,synthetic_prototype
A0722,West Bengal,Kalimpong,1327071,340529,652781,674290,560284,766787,191222,138538,7573,175.24,21,30,119375,9,synthetic_prototype
A0723,West Bengal,Kolkata,90206,22109,45074,45132,59695,30511,8455,8811,9544,9.45,2,2,5772,1,synthetic_prototype
A0724,West Bengal,Maldah,227600,45009,120023,107577,54363,173237,34000,16165,9246,24.62,3,7,25440,2,synthetic_prototype
A0725,West Bengal,Murshidabad,686585,143345,344332,342253,362027,324558,61532,77802,5796,118.46,10,33,45621,2,synthetic_prototype
A0726,West Bengal,Nadia,400989,108191,200530,200459,150232,250757,49216,49779,14162,28.31,6,15,46290,2,synthetic_prototype
A0727,West Bengal,North 24 Parganas,1711362,402424,847237,864125,1410075,301287,194497,159643,5638,303.54,41,42,140923,13,synthetic_prototype
A0728,West Bengal,South 24 Parganas,277458,58091,144861,132597,200109,77349,32992,21325,4535,61.18,5,6,9666,2,synthetic_prototype
A0729,West Bengal,Uttar Dinajpur,205654,39196,108471,97183,65541,140113,25010,17035,6106,33.68,4,7,15493,1,synthetic_prototype
A0730,West Bengal,Paschim Medinipur,278934,71842,139908,139026,174086,104848,35194,15600,6288,44.36,4,8,30595,2,synthetic_prototype
A0731,West Bengal,Purba Medinipur,189146,44411,98437,90709,51411,137735,15371,18952,7746,24.42,3,6,12372,1,synthetic_prototype
A0732,Andaman and Nicobar Islands,Nicobars,272942,64989,135844,137098,207406,65536,23966,35701,8404,32.48,5,11,27490,1,synthetic_prototype
A0733,Andaman and Nicobar Islands,North and Middle Andaman,352214,71800,180903,171311,249319,102895,30907,34982,11952,29.47,5,14,40582,1,synthetic_prototype
A0734,Andaman and Nicobar Islands,South Andaman,108339,27551,54870,53469,18103,90236,11552,11944,8985,12.06,1,2,15229,1,synthetic_prototype
A0735,Chandigarh,Chandigarh,1283853,349709,679467,604386,418883,864970,165741,155883,2996,428.52,20,62,164365,12,synthetic_prototype
A0736,Dadra and Nagar Haveli and Daman and Diu,Dadra and Nagar Haveli,341790,81671,172468,169322,208486,133304,44063,38500,1887,181.13,8,9,31608,1,synthetic_prototype
A0737,Dadra and Nagar Haveli and Daman and Diu,Daman,50000,9529,24552,25448,21433,28567,5342,6892,5141,9.73,1,1,4147,1,synthetic_prototype
A0738,Dadra and Nagar Haveli and Daman and Diu,Diu,621167,170564,317053,304114,125573,495594,97868,69812,3083,201.48,9,13,64677,3,synthetic_prototype
A0739,Delhi,Central Delhi,222865,57778,111119,111746,143987,78878,18548,15177,5264,42.34,4,6,19436,1,synthetic_prototype
A0740,Delhi,East Delhi,1004799,191979,516671,488128,171237,833562,112195,77249,11277,89.1,15,28,45931,4,synthetic_prototype
A0741,Delhi,New Delhi,334201,63919,174791,159410,65336,268865,30103,43873,7129,46.88,5,8,42232,2,synthetic_prototype
A0742,Delhi,North Delhi,108785,24582,55316,53469,76156,32629,16891,10201,11840,9.19,1,2,5610,1,synthetic_prototype
A0743,Delhi,North East Delhi,3771589,968408,1855512,1916077,2757117,1014472,558931,374730,4963,759.94,77,104,136540,30,synthetic_prototype
A0744,Delhi,North West Delhi,276574,60996,136988,139586,198824,77750,27290,25113,11525,24.0,5,6,28819,2,synthetic_prototype
A0745,Delhi,Shahdara,356543,92812,185310,171233,152537,204006,45088,30281,3634,98.11,6,10,32727,2,synthetic_prototype
A0746,Delhi,South Delhi,136248,24994,71407,64841,83660,52588,13711,12839,5198,26.21,2,6,13995,1,synthetic_prototype
A0747,Delhi,South East Delhi,874793,194481,444391,430402,492342,382451,130055,119072,13993,62.52,15,24,73953,6,synthetic_prototype
A0748,Delhi,South West Delhi,1158345,263441,578778,579567,176767,981578,139902,97528,14715,78.72,22,34,53309,10,synthetic_prototype
A0749,Delhi,West Delhi,642764,162473,318807,323957,438682,204082,80825,46811,469,1370.5,14,21,28297,2,synthetic_prototype
A0750,Jammu and Kashmir,Anantnag,1896336,522682,939090,957246,694140,1202196,181909,195120,12977,146.13,27,69,159313,18,synthetic_prototype
A0751,Jammu and Kashmir,Bandipora,147408,38195,73449,73959,49977,97431,19505,12892,10429,14.13,2,3,6500,1,synthetic_prototype
A0752,Jammu and Kashmir,Baramulla,2667534,494907,1319363,1348171,1657770,1009764,361679,239382,2381,1120.34,44,84,386306,17,synthetic_prototype
A0753,Jammu and Kashmir,Budgam,1017803,248859,509009,508794,862000,155803,116988,98539,524,1942.37,21,35,84713,8,synthetic_prototype
A0754,Jammu and Kashmir,Doda,235567,49001,122069,113498,179331,56236,20450,25560,14356,16.41,5,8,33293,1,synthetic_prototype
A0755,Jammu and Kashmir,Ganderbal,1128112,220308,575963,552149,241458,886654,111149,74804,2285,493.7,20,23,59000,4,synthetic_prototype
A0756,Jammu and Kashmir,Jammu,962160,221237,492842,469318,813988,148172,90069,75480,4847,198.51,19,19,46572,4,synthetic_prototype
A0757,Jammu and Kashmir,Kathua,348778,84273,179992,168786,97611,251167,47785,39036,4007,87.04,5,7,29603,1,synthetic_prototype
A0758,Jammu and Kashmir,Kishtwar,705337,154177,357588,347749,329128,376209,65272,62335,630,1119.58,13,16,78719,3,synthetic_prototype
A0759,Jammu and Kashmir,Kulgam,1856697,418031,933836,922861,982071,874626,168773,241149,13208,140.57,32,46,234893,9,synthetic_prototype
A0760,Jammu and Kashmir,Kupwara,588160,137541,300282,287878,252107,336053,84838,49186,1706,344.76,8,25,63394,3,synthetic_prototype
A0761,Jammu and Kashmir,Poonch,2377339,618927,1221353,1155986,468254,1909085,337017,296071,13492,176.2,39,51,209761,13,synthetic_prototype
A0762,Jammu and Kashmir,Pulwama,182796,42646,96150,86646,145016,37780,21177,13654,6000,30.47,3,6,24371,1,synthetic_prototype
A0763,Jammu and Kashmir,Rajouri,170311,32316,83871,86440,66617,103694,17303,20293,3556,47.89,3,4,22962,1,synthetic_prototype
A0764,Jammu and Kashmir,Ramban,742827,172518,383915,358912,378213,364614,109781,37779,13636,54.48,11,20,69496,4,synthetic_prototype
A0765,Jammu and Kashmir,Reasi,3743706,850244,1941359,1802347,1657915,2085791,557432,239303,6297,594.52,61,136,399940,16,synthetic_prototype
A0766,Jammu and Kashmir,Samba,586562,147893,308790,277772,259666,326896,93529,34928,14270,41.1,8,25,18652,4,synthetic_prototype
A0767,Jammu and Kashmir,Shopian,1471704,361871,756720,714984,241773,1229931,150352,187804,10395,141.58,24,55,50296,9,synthetic_prototype
A0768,Jammu and Kashmir,Srinagar,446318,94698,233138,213180,157298,289020,64282,40673,9182,48.61,6,13,28141,3,synthetic_prototype
A0769,Jammu and Kashmir,Udhampur,50000,12840,24682,25318,22904,27096,6874,3461,6367,7.85,1,1,3728,1,synthetic_prototype
A0770,Ladakh,Kargil,2356924,539657,1174081,1182843,1239785,1117139,217921,304604,6357,370.76,57,67,227444,12,synthetic_prototype
A0771,Ladakh,Leh,185735,41317,97033,88702,60652,125083,28932,11559,3448,53.87,4,6,8774,1,synthetic_prototype
A0772,Lakshadweep,Agatti,772307,200474,382873,389434,404385,367922,62355,94788,9211,83.85,15,20,52422,6,synthetic_prototype
A0773,Lakshadweep,Amini,234163,51601,120905,113258,105282,128881,23674,11962,9204,25.44,3,6,20264,1,synthetic_prototype
A0774,Lakshadweep,Andrott,251434,62463,131533,119901,201029,50405,26611,17940,7714,32.59,4,7,9588,1,synthetic_prototype
A0775,Lakshadweep,Bitra,238432,52392,120900,117532,146608,91824,36034,30059,10465,22.78,3,6,16115,1,synthetic_prototype
A0776,Lakshadweep,Chetlat,1086543,252237,549292,537251,330359,756184,162175,125167,3456,314.39,21,38,55555,5,synthetic_prototype
A0777,Lakshadweep,Kadmat,327477,88996,173328,154149,137573,189904,36444,18731,8984,36.45,5,10,26794,3,synthetic_prototype
A0778,Lakshadweep,Kalpeni,86915,23194,44343,42572,44464,42451,7993,5158,1785,48.69,1,3,5229,1,synthetic_prototype
A0779,Lakshadweep,Kavaratti,215300,47357,109733,105567,63927,151373,17561,23774,13509,15.94,4,4,26920,1,synthetic_prototype
A0780,Lakshadweep,Kiltan,143536,31119,71309,72227,61575,81961,14407,10577,6347,22.61,2,6,21077,1,synthetic_prototype
A0781,Lakshadweep,Minicoy,222673,48063,116750,105923,55703,166970,23315,24337,7234,30.78,4,5,9025,1,synthetic_prototype
A0782,Puducherry,Karaikal,1416041,323698,697133,718908,1100360,315681,129216,162132,6232,227.22,32,40,63984,8,synthetic_prototype
A0783,Puducherry,Mahe,202328,46730,107169,95159,98442,103886,27300,25437,11587,17.46,4,8,11000,1,synthetic_prototype
A0784,Puducherry,Puducherry,1038372,222236,523184,515188,770494,267878,137448,118206,5551,187.06,18,34,41602,4,synthetic_prototype
A0785,Puducherry,Yanam,306267,73163,154101,152166,185355,120912,34092,22538,6337,48.33,4,8,43865,2,synthetic_prototype
